task,seed,approach,classifier,source_rows,target_test_rows,n_features,accuracy,precision,recall,f1,roc_auc,tn,fp,fn,tp,fit_seconds,parameters
dos_to_r2l,42,No TL,CART,1990,1490,108,0.5,0.5,0.012080536912751677,0.023591087811271297,0.5,736,9,736,9,0.01252925000153482,"{""ccp_alpha"": 0.0, ""class_weight"": null, ""criterion"": ""gini"", ""max_depth"": null, ""max_features"": null, ""max_leaf_nodes"": null, ""min_impurity_decrease"": 0.0, ""min_samples_leaf"": 1, ""min_samples_split"": 2, ""min_weight_fraction_leaf"": 0.0, ""monotonic_cst"": null, ""random_state"": 42, ""splitter"": ""best""}"
dos_to_r2l,42,No TL,RandomForest,1990,1490,108,0.5006711409395973,0.6666666666666666,0.0026845637583892616,0.0053475935828877,0.675165983514256,744,1,743,2,0.09454216697486117,"{""bootstrap"": true, ""ccp_alpha"": 0.0, ""class_weight"": null, ""criterion"": ""gini"", ""max_depth"": null, ""max_features"": ""sqrt"", ""max_leaf_nodes"": null, ""max_samples"": null, ""min_impurity_decrease"": 0.0, ""min_samples_leaf"": 1, ""min_samples_split"": 2, ""min_weight_fraction_leaf"": 0.0, ""monotonic_cst"": null, ""n_estimators"": 100, ""n_jobs"": -1, ""oob_score"": false, ""random_state"": 42, ""verbose"": 0, ""warm_start"": false}"
dos_to_r2l,42,No TL,LinearSVM,1990,1490,108,0.5342281879194631,0.9636363636363636,0.07114093959731543,0.1325,0.6652673303004369,743,2,692,53,0.00458829099079594,"{""C"": 1.0, ""class_weight"": null, ""dual"": ""auto"", ""fit_intercept"": true, ""intercept_scaling"": 1, ""loss"": ""squared_hinge"", ""max_iter"": 10000, ""multi_class"": ""ovr"", ""penalty"": ""l2"", ""random_state"": 42, ""tol"": 0.0001, ""verbose"": 0}"
dos_to_r2l,42,No TL,NaiveBayes,1990,1490,108,0.5046979865771812,0.7692307692307693,0.013422818791946308,0.026385224274406333,0.31593531822890863,742,3,735,10,0.0013671249616891146,"{""priors"": null, ""var_smoothing"": 1e-09}"
dos_to_r2l,42,No TL,KNN,1990,1490,108,0.5013422818791946,0.625,0.006711409395973154,0.013280212483399735,0.516984820503581,742,3,740,5,0.0007333329995162785,"{""algorithm"": ""auto"", ""leaf_size"": 30, ""metric"": ""minkowski"", ""metric_params"": null, ""n_jobs"": null, ""n_neighbors"": 5, ""p"": 2, ""weights"": ""uniform""}"
dos_to_probe,42,No TL,CART,1990,1490,107,0.6644295302013423,0.9553903345724907,0.34496644295302015,0.5069033530571992,0.6644295302013423,733,12,488,257,0.0052948750089854,"{""ccp_alpha"": 0.0, ""class_weight"": null, ""criterion"": ""gini"", ""max_depth"": null, ""max_features"": null, ""max_leaf_nodes"": null, ""min_impurity_decrease"": 0.0, ""min_samples_leaf"": 1, ""min_samples_split"": 2, ""min_weight_fraction_leaf"": 0.0, ""monotonic_cst"": null, ""random_state"": 42, ""splitter"": ""best""}"
dos_to_probe,42,No TL,RandomForest,1990,1490,107,0.6791946308724832,1.0,0.35838926174496644,0.5276679841897233,0.9834656096572226,745,0,478,267,0.10406174999661744,"{""bootstrap"": true, ""ccp_alpha"": 0.0, ""class_weight"": null, ""criterion"": ""gini"", ""max_depth"": null, ""max_features"": ""sqrt"", ""max_leaf_nodes"": null, ""max_samples"": null, ""min_impurity_decrease"": 0.0, ""min_samples_leaf"": 1, ""min_samples_split"": 2, ""min_weight_fraction_leaf"": 0.0, ""monotonic_cst"": null, ""n_estimators"": 100, ""n_jobs"": -1, ""oob_score"": false, ""random_state"": 42, ""verbose"": 0, ""warm_start"": false}"
dos_to_probe,42,No TL,LinearSVM,1990,1490,107,0.6825503355704698,0.9927536231884058,0.36778523489932885,0.5367286973555337,0.6014954281338678,743,2,471,274,0.0038265420007519424,"{""C"": 1.0, ""class_weight"": null, ""dual"": ""auto"", ""fit_intercept"": true, ""intercept_scaling"": 1, ""loss"": ""squared_hinge"", ""max_iter"": 10000, ""multi_class"": ""ovr"", ""penalty"": ""l2"", ""random_state"": 42, ""tol"": 0.0001, ""verbose"": 0}"
dos_to_probe,42,No TL,NaiveBayes,1990,1490,107,0.5422818791946309,0.9701492537313433,0.087248322147651,0.16009852216748768,0.42083149407684345,743,2,680,65,0.0015009579947218299,"{""priors"": null, ""var_smoothing"": 1e-09}"
dos_to_probe,42,No TL,KNN,1990,1490,107,0.897986577181208,0.9933444259567388,0.8013422818791947,0.8870728083209509,0.9556236205576325,741,4,148,597,0.0006926670321263373,"{""algorithm"": ""auto"", ""leaf_size"": 30, ""metric"": ""minkowski"", ""metric_params"": null, ""n_jobs"": null, ""n_neighbors"": 5, ""p"": 2, ""weights"": ""uniform""}"
probe_to_r2l,42,No TL,CART,1990,1490,103,0.4436241610738255,0.21621621621621623,0.042953020134228186,0.07166853303471445,0.4436241610738255,629,116,713,32,0.0064121250179596245,"{""ccp_alpha"": 0.0, ""class_weight"": null, ""criterion"": ""gini"", ""max_depth"": null, ""max_features"": null, ""max_leaf_nodes"": null, ""min_impurity_decrease"": 0.0, ""min_samples_leaf"": 1, ""min_samples_split"": 2, ""min_weight_fraction_leaf"": 0.0, ""monotonic_cst"": null, ""random_state"": 42, ""splitter"": ""best""}"
probe_to_r2l,42,No TL,RandomForest,1990,1490,103,0.5,0.0,0.0,0.0,0.6709346425836673,745,0,745,0,0.10313787503400818,"{""bootstrap"": true, ""ccp_alpha"": 0.0, ""class_weight"": null, ""criterion"": ""gini"", ""max_depth"": null, ""max_features"": ""sqrt"", ""max_leaf_nodes"": null, ""max_samples"": null, ""min_impurity_decrease"": 0.0, ""min_samples_leaf"": 1, ""min_samples_split"": 2, ""min_weight_fraction_leaf"": 0.0, ""monotonic_cst"": null, ""n_estimators"": 100, ""n_jobs"": -1, ""oob_score"": false, ""random_state"": 42, ""verbose"": 0, ""warm_start"": false}"
probe_to_r2l,42,No TL,LinearSVM,1990,1490,103,0.5275167785234899,0.8360655737704918,0.06845637583892618,0.12655086848635236,0.8267555515517317,735,10,694,51,0.003689332981593907,"{""C"": 1.0, ""class_weight"": null, ""dual"": ""auto"", ""fit_intercept"": true, ""intercept_scaling"": 1, ""loss"": ""squared_hinge"", ""max_iter"": 10000, ""multi_class"": ""ovr"", ""penalty"": ""l2"", ""random_state"": 42, ""tol"": 0.0001, ""verbose"": 0}"
probe_to_r2l,42,No TL,NaiveBayes,1990,1490,103,0.5,0.5,0.03087248322147651,0.05815423514538559,0.6042925994324579,722,23,722,23,0.001663625007495284,"{""priors"": null, ""var_smoothing"": 1e-09}"
probe_to_r2l,42,No TL,KNN,1990,1490,103,0.5013422818791946,0.5833333333333334,0.009395973154362415,0.018494055482166448,0.5211422908877978,740,5,738,7,0.0007282080478034914,"{""algorithm"": ""auto"", ""leaf_size"": 30, ""metric"": ""minkowski"", ""metric_params"": null, ""n_jobs"": null, ""n_neighbors"": 5, ""p"": 2, ""weights"": ""uniform""}"
dos_to_r2l,43,No TL,CART,1990,1490,109,0.47449664429530203,0.35384615384615387,0.06174496644295302,0.10514285714285715,0.47449664429530203,661,84,699,46,0.0041461659711785614,"{""ccp_alpha"": 0.0, ""class_weight"": null, ""criterion"": ""gini"", ""max_depth"": null, ""max_features"": null, ""max_leaf_nodes"": null, ""min_impurity_decrease"": 0.0, ""min_samples_leaf"": 1, ""min_samples_split"": 2, ""min_weight_fraction_leaf"": 0.0, ""monotonic_cst"": null, ""random_state"": 43, ""splitter"": ""best""}"
dos_to_r2l,43,No TL,RandomForest,1990,1490,109,0.5,0.0,0.0,0.0,0.6343516057835232,745,0,745,0,0.10527420800644904,"{""bootstrap"": true, ""ccp_alpha"": 0.0, ""class_weight"": null, ""criterion"": ""gini"", ""max_depth"": null, ""max_features"": ""sqrt"", ""max_leaf_nodes"": null, ""max_samples"": null, ""min_impurity_decrease"": 0.0, ""min_samples_leaf"": 1, ""min_samples_split"": 2, ""min_weight_fraction_leaf"": 0.0, ""monotonic_cst"": null, ""n_estimators"": 100, ""n_jobs"": -1, ""oob_score"": false, ""random_state"": 43, ""verbose"": 0, ""warm_start"": false}"
dos_to_r2l,43,No TL,LinearSVM,1990,1490,109,0.5033557046979866,0.631578947368421,0.016107382550335572,0.031413612565445025,0.7236322688167199,738,7,733,12,0.0037312089698389173,"{""C"": 1.0, ""class_weight"": null, ""dual"": ""auto"", ""fit_intercept"": true, ""intercept_scaling"": 1, ""loss"": ""squared_hinge"", ""max_iter"": 10000, ""multi_class"": ""ovr"", ""penalty"": ""l2"", ""random_state"": 43, ""tol"": 0.0001, ""verbose"": 0}"
dos_to_r2l,43,No TL,NaiveBayes,1990,1490,109,0.49798657718120803,0.42105263157894735,0.010738255033557046,0.020942408376963352,0.3002405297058691,734,11,737,8,0.0018171670380979776,"{""priors"": null, ""var_smoothing"": 1e-09}"
dos_to_r2l,43,No TL,KNN,1990,1490,109,0.49798657718120803,0.36363636363636365,0.005369127516778523,0.010582010582010581,0.4852934552497636,738,7,741,4,0.0007543329847976565,"{""algorithm"": ""auto"", ""leaf_size"": 30, ""metric"": ""minkowski"", ""metric_params"": null, ""n_jobs"": null, ""n_neighbors"": 5, ""p"": 2, ""weights"": ""uniform""}"
dos_to_probe,43,No TL,CART,1990,1490,109,0.7,0.9901315789473685,0.4040268456375839,0.5738798856053384,0.7,742,3,444,301,0.004094499978236854,"{""ccp_alpha"": 0.0, ""class_weight"": null, ""criterion"": ""gini"", ""max_depth"": null, ""max_features"": null, ""max_leaf_nodes"": null, ""min_impurity_decrease"": 0.0, ""min_samples_leaf"": 1, ""min_samples_split"": 2, ""min_weight_fraction_leaf"": 0.0, ""monotonic_cst"": null, ""random_state"": 43, ""splitter"": ""best""}"
dos_to_probe,43,No TL,RandomForest,1990,1490,109,0.6516778523489933,0.9956140350877193,0.3046979865771812,0.46659815005138744,0.9880176568623035,744,1,518,227,0.10225762502523139,"{""bootstrap"": true, ""ccp_alpha"": 0.0, ""class_weight"": null, ""criterion"": ""gini"", ""max_depth"": null, ""max_features"": ""sqrt"", ""max_leaf_nodes"": null, ""max_samples"": null, ""min_impurity_decrease"": 0.0, ""min_samples_leaf"": 1, ""min_samples_split"": 2, ""min_weight_fraction_leaf"": 0.0, ""monotonic_cst"": null, ""n_estimators"": 100, ""n_jobs"": -1, ""oob_score"": false, ""random_state"": 43, ""verbose"": 0, ""warm_start"": false}"
dos_to_probe,43,No TL,LinearSVM,1990,1490,109,0.7026845637583893,0.9870967741935484,0.41073825503355704,0.5800947867298578,0.6474212873293995,741,4,439,306,0.003653957974165678,"{""C"": 1.0, ""class_weight"": null, ""dual"": ""auto"", ""fit_intercept"": true, ""intercept_scaling"": 1, ""loss"": ""squared_hinge"", ""max_iter"": 10000, ""multi_class"": ""ovr"", ""penalty"": ""l2"", ""random_state"": 43, ""tol"": 0.0001, ""verbose"": 0}"
dos_to_probe,43,No TL,NaiveBayes,1990,1490,109,0.5308724832214765,0.8833333333333333,0.07114093959731543,0.13167701863354037,0.4375100220710779,738,7,692,53,0.0016891250270418823,"{""priors"": null, ""var_smoothing"": 1e-09}"
dos_to_probe,43,No TL,KNN,1990,1490,109,0.785234899328859,0.9953379953379954,0.5731543624161074,0.727427597955707,0.8202071978739697,743,2,318,427,0.0007167920120991766,"{""algorithm"": ""auto"", ""leaf_size"": 30, ""metric"": ""minkowski"", ""metric_params"": null, ""n_jobs"": null, ""n_neighbors"": 5, ""p"": 2, ""weights"": ""uniform""}"
probe_to_r2l,43,No TL,CART,1990,1490,98,0.40671140939597317,0.05161290322580645,0.010738255033557046,0.017777777777777778,0.40671140939597317,598,147,737,8,0.006723958009388298,"{""ccp_alpha"": 0.0, ""class_weight"": null, ""criterion"": ""gini"", ""max_depth"": null, ""max_features"": null, ""max_leaf_nodes"": null, ""min_impurity_decrease"": 0.0, ""min_samples_leaf"": 1, ""min_samples_split"": 2, ""min_weight_fraction_leaf"": 0.0, ""monotonic_cst"": null, ""random_state"": 43, ""splitter"": ""best""}"
probe_to_r2l,43,No TL,RandomForest,1990,1490,98,0.49530201342281877,0.26666666666666666,0.005369127516778523,0.010526315789473684,0.6421278320796361,734,11,741,4,0.10479020804632455,"{""bootstrap"": true, ""ccp_alpha"": 0.0, ""class_weight"": null, ""criterion"": ""gini"", ""max_depth"": null, ""max_features"": ""sqrt"", ""max_leaf_nodes"": null, ""max_samples"": null, ""min_impurity_decrease"": 0.0, ""min_samples_leaf"": 1, ""min_samples_split"": 2, ""min_weight_fraction_leaf"": 0.0, ""monotonic_cst"": null, ""n_estimators"": 100, ""n_jobs"": -1, ""oob_score"": false, ""random_state"": 43, ""verbose"": 0, ""warm_start"": false}"
probe_to_r2l,43,No TL,LinearSVM,1990,1490,98,0.4919463087248322,0.2857142857142857,0.010738255033557046,0.02069857697283312,0.7658682041349488,725,20,737,8,0.003422625013627112,"{""C"": 1.0, ""class_weight"": null, ""dual"": ""auto"", ""fit_intercept"": true, ""intercept_scaling"": 1, ""loss"": ""squared_hinge"", ""max_iter"": 10000, ""multi_class"": ""ovr"", ""penalty"": ""l2"", ""random_state"": 43, ""tol"": 0.0001, ""verbose"": 0}"
probe_to_r2l,43,No TL,NaiveBayes,1990,1490,98,0.49731543624161073,0.3888888888888889,0.009395973154362415,0.01834862385321101,0.4373703887212288,734,11,738,7,0.0014227920328266919,"{""priors"": null, ""var_smoothing"": 1e-09}"
probe_to_r2l,43,No TL,KNN,1990,1490,98,0.49463087248322146,0.2777777777777778,0.006711409395973154,0.01310615989515072,0.49548668978874827,732,13,740,5,0.0006166250095702708,"{""algorithm"": ""auto"", ""leaf_size"": 30, ""metric"": ""minkowski"", ""metric_params"": null, ""n_jobs"": null, ""n_neighbors"": 5, ""p"": 2, ""weights"": ""uniform""}"
dos_to_r2l,44,No TL,CART,1990,1490,107,0.4993288590604027,0.0,0.0,0.0,0.4993288590604027,744,1,745,0,0.00534404197242111,"{""ccp_alpha"": 0.0, ""class_weight"": null, ""criterion"": ""gini"", ""max_depth"": null, ""max_features"": null, ""max_leaf_nodes"": null, ""min_impurity_decrease"": 0.0, ""min_samples_leaf"": 1, ""min_samples_split"": 2, ""min_weight_fraction_leaf"": 0.0, ""monotonic_cst"": null, ""random_state"": 44, ""splitter"": ""best""}"
dos_to_r2l,44,No TL,RandomForest,1990,1490,107,0.5,0.0,0.0,0.0,0.5314382235034457,745,0,745,0,0.10617908299900591,"{""bootstrap"": true, ""ccp_alpha"": 0.0, ""class_weight"": null, ""criterion"": ""gini"", ""max_depth"": null, ""max_features"": ""sqrt"", ""max_leaf_nodes"": null, ""max_samples"": null, ""min_impurity_decrease"": 0.0, ""min_samples_leaf"": 1, ""min_samples_split"": 2, ""min_weight_fraction_leaf"": 0.0, ""monotonic_cst"": null, ""n_estimators"": 100, ""n_jobs"": -1, ""oob_score"": false, ""random_state"": 44, ""verbose"": 0, ""warm_start"": false}"
dos_to_r2l,44,No TL,LinearSVM,1990,1490,107,0.5006711409395973,0.5555555555555556,0.006711409395973154,0.013262599469496022,0.5309130219359488,741,4,740,5,0.0035905829863622785,"{""C"": 1.0, ""class_weight"": null, ""dual"": ""auto"", ""fit_intercept"": true, ""intercept_scaling"": 1, ""loss"": ""squared_hinge"", ""max_iter"": 10000, ""multi_class"": ""ovr"", ""penalty"": ""l2"", ""random_state"": 44, ""tol"": 0.0001, ""verbose"": 0}"
dos_to_r2l,44,No TL,NaiveBayes,1990,1490,107,0.5033557046979866,1.0,0.006711409395973154,0.013333333333333334,0.27909373451646324,745,0,740,5,0.0015609169495292008,"{""priors"": null, ""var_smoothing"": 1e-09}"
dos_to_r2l,44,No TL,KNN,1990,1490,107,0.5020134228187919,0.6666666666666666,0.008053691275167786,0.015915119363395226,0.49266699698211797,742,3,739,6,0.0006062909960746765,"{""algorithm"": ""auto"", ""leaf_size"": 30, ""metric"": ""minkowski"", ""metric_params"": null, ""n_jobs"": null, ""n_neighbors"": 5, ""p"": 2, ""weights"": ""uniform""}"
dos_to_probe,44,No TL,CART,1990,1490,107,0.6409395973154363,0.9375,0.30201342281879195,0.45685279187817257,0.6409395973154364,730,15,520,225,0.005132999969646335,"{""ccp_alpha"": 0.0, ""class_weight"": null, ""criterion"": ""gini"", ""max_depth"": null, ""max_features"": null, ""max_leaf_nodes"": null, ""min_impurity_decrease"": 0.0, ""min_samples_leaf"": 1, ""min_samples_split"": 2, ""min_weight_fraction_leaf"": 0.0, ""monotonic_cst"": null, ""random_state"": 44, ""splitter"": ""best""}"
dos_to_probe,44,No TL,RandomForest,1990,1490,107,0.7,1.0,0.4,0.5714285714285714,0.9280473852529165,745,0,447,298,0.10568900004727766,"{""bootstrap"": true, ""ccp_alpha"": 0.0, ""class_weight"": null, ""criterion"": ""gini"", ""max_depth"": null, ""max_features"": ""sqrt"", ""max_leaf_nodes"": null, ""max_samples"": null, ""min_impurity_decrease"": 0.0, ""min_samples_leaf"": 1, ""min_samples_split"": 2, ""min_weight_fraction_leaf"": 0.0, ""monotonic_cst"": null, ""n_estimators"": 100, ""n_jobs"": -1, ""oob_score"": false, ""random_state"": 44, ""verbose"": 0, ""warm_start"": false}"
dos_to_probe,44,No TL,LinearSVM,1990,1490,107,0.6845637583892618,0.9790940766550522,0.37718120805369126,0.5445736434108527,0.6052790414846179,739,6,464,281,0.0036625000066123903,"{""C"": 1.0, ""class_weight"": null, ""dual"": ""auto"", ""fit_intercept"": true, ""intercept_scaling"": 1, ""loss"": ""squared_hinge"", ""max_iter"": 10000, ""multi_class"": ""ovr"", ""penalty"": ""l2"", ""random_state"": 44, ""tol"": 0.0001, ""verbose"": 0}"
dos_to_probe,44,No TL,NaiveBayes,1990,1490,107,0.5221476510067115,1.0,0.04429530201342282,0.08483290488431877,0.5105013287689744,745,0,712,33,0.002079583005979657,"{""priors"": null, ""var_smoothing"": 1e-09}"
dos_to_probe,44,No TL,KNN,1990,1490,107,0.7832214765100671,0.9884259259259259,0.5731543624161074,0.7255734919286321,0.9477591099500022,740,5,318,427,0.0006087500369176269,"{""algorithm"": ""auto"", ""leaf_size"": 30, ""metric"": ""minkowski"", ""metric_params"": null, ""n_jobs"": null, ""n_neighbors"": 5, ""p"": 2, ""weights"": ""uniform""}"
probe_to_r2l,44,No TL,CART,1990,1490,99,0.525503355704698,0.8653846153846154,0.06040268456375839,0.11292346298619825,0.525503355704698,738,7,700,45,0.008778041985351592,"{""ccp_alpha"": 0.0, ""class_weight"": null, ""criterion"": ""gini"", ""max_depth"": null, ""max_features"": null, ""max_leaf_nodes"": null, ""min_impurity_decrease"": 0.0, ""min_samples_leaf"": 1, ""min_samples_split"": 2, ""min_weight_fraction_leaf"": 0.0, ""monotonic_cst"": null, ""random_state"": 44, ""splitter"": ""best""}"
probe_to_r2l,44,No TL,RandomForest,1990,1490,99,0.4993288590604027,0.0,0.0,0.0,0.7230737354173236,744,1,745,0,0.10692029196070507,"{""bootstrap"": true, ""ccp_alpha"": 0.0, ""class_weight"": null, ""criterion"": ""gini"", ""max_depth"": null, ""max_features"": ""sqrt"", ""max_leaf_nodes"": null, ""max_samples"": null, ""min_impurity_decrease"": 0.0, ""min_samples_leaf"": 1, ""min_samples_split"": 2, ""min_weight_fraction_leaf"": 0.0, ""monotonic_cst"": null, ""n_estimators"": 100, ""n_jobs"": -1, ""oob_score"": false, ""random_state"": 44, ""verbose"": 0, ""warm_start"": false}"
probe_to_r2l,44,No TL,LinearSVM,1990,1490,99,0.5221476510067115,0.8,0.05906040268456376,0.11,0.7653637223548488,734,11,701,44,0.003395790990907699,"{""C"": 1.0, ""class_weight"": null, ""dual"": ""auto"", ""fit_intercept"": true, ""intercept_scaling"": 1, ""loss"": ""squared_hinge"", ""max_iter"": 10000, ""multi_class"": ""ovr"", ""penalty"": ""l2"", ""random_state"": 44, ""tol"": 0.0001, ""verbose"": 0}"
probe_to_r2l,44,No TL,NaiveBayes,1990,1490,99,0.5268456375838926,0.8448275862068966,0.06577181208053691,0.12204234122042341,0.6796171343633169,736,9,696,49,0.0015132080297917128,"{""priors"": null, ""var_smoothing"": 1e-09}"
probe_to_r2l,44,No TL,KNN,1990,1490,99,0.4986577181208054,0.4375,0.009395973154362415,0.018396846254927726,0.5012774199360389,736,9,738,7,0.0005927080055698752,"{""algorithm"": ""auto"", ""leaf_size"": 30, ""metric"": ""minkowski"", ""metric_params"": null, ""n_jobs"": null, ""n_neighbors"": 5, ""p"": 2, ""weights"": ""uniform""}"
dos_to_r2l,45,No TL,CART,1990,1490,109,0.49328859060402686,0.2222222222222222,0.005369127516778523,0.010484927916120577,0.4932885906040268,731,14,741,4,0.00557262497022748,"{""ccp_alpha"": 0.0, ""class_weight"": null, ""criterion"": ""gini"", ""max_depth"": null, ""max_features"": null, ""max_leaf_nodes"": null, ""min_impurity_decrease"": 0.0, ""min_samples_leaf"": 1, ""min_samples_split"": 2, ""min_weight_fraction_leaf"": 0.0, ""monotonic_cst"": null, ""random_state"": 45, ""splitter"": ""best""}"
dos_to_r2l,45,No TL,RandomForest,1990,1490,109,0.5,0.5,0.0026845637583892616,0.0053404539385847796,0.5827629386063691,743,2,743,2,0.10104387497995049,"{""bootstrap"": true, ""ccp_alpha"": 0.0, ""class_weight"": null, ""criterion"": ""gini"", ""max_depth"": null, ""max_features"": ""sqrt"", ""max_leaf_nodes"": null, ""max_samples"": null, ""min_impurity_decrease"": 0.0, ""min_samples_leaf"": 1, ""min_samples_split"": 2, ""min_weight_fraction_leaf"": 0.0, ""monotonic_cst"": null, ""n_estimators"": 100, ""n_jobs"": -1, ""oob_score"": false, ""random_state"": 45, ""verbose"": 0, ""warm_start"": false}"
dos_to_r2l,45,No TL,LinearSVM,1990,1490,109,0.5295302013422819,0.9782608695652174,0.06040268456375839,0.11378002528445007,0.8324219629746408,744,1,700,45,0.0036041669663973153,"{""C"": 1.0, ""class_weight"": null, ""dual"": ""auto"", ""fit_intercept"": true, ""intercept_scaling"": 1, ""loss"": ""squared_hinge"", ""max_iter"": 10000, ""multi_class"": ""ovr"", ""penalty"": ""l2"", ""random_state"": 45, ""tol"": 0.0001, ""verbose"": 0}"
dos_to_r2l,45,No TL,NaiveBayes,1990,1490,109,0.5006711409395973,0.5238095238095238,0.01476510067114094,0.028720626631853787,0.2844241250394126,735,10,734,11,0.0014900829992257059,"{""priors"": null, ""var_smoothing"": 1e-09}"
dos_to_r2l,45,No TL,KNN,1990,1490,109,0.5020134228187919,0.6666666666666666,0.008053691275167786,0.015915119363395226,0.517603711544525,742,3,739,6,0.000593916978687048,"{""algorithm"": ""auto"", ""leaf_size"": 30, ""metric"": ""minkowski"", ""metric_params"": null, ""n_jobs"": null, ""n_neighbors"": 5, ""p"": 2, ""weights"": ""uniform""}"
dos_to_probe,45,No TL,CART,1990,1490,110,0.6463087248322148,0.9325396825396826,0.31543624161073824,0.47141424272818455,0.6463087248322147,728,17,510,235,0.005188125011045486,"{""ccp_alpha"": 0.0, ""class_weight"": null, ""criterion"": ""gini"", ""max_depth"": null, ""max_features"": null, ""max_leaf_nodes"": null, ""min_impurity_decrease"": 0.0, ""min_samples_leaf"": 1, ""min_samples_split"": 2, ""min_weight_fraction_leaf"": 0.0, ""monotonic_cst"": null, ""random_state"": 45, ""splitter"": ""best""}"
dos_to_probe,45,No TL,RandomForest,1990,1490,110,0.6718120805369128,0.9961240310077519,0.34496644295302015,0.5124626121635095,0.9682554839872077,744,1,488,257,0.10483062494313344,"{""bootstrap"": true, ""ccp_alpha"": 0.0, ""class_weight"": null, ""criterion"": ""gini"", ""max_depth"": null, ""max_features"": ""sqrt"", ""max_leaf_nodes"": null, ""max_samples"": null, ""min_impurity_decrease"": 0.0, ""min_samples_leaf"": 1, ""min_samples_split"": 2, ""min_weight_fraction_leaf"": 0.0, ""monotonic_cst"": null, ""n_estimators"": 100, ""n_jobs"": -1, ""oob_score"": false, ""random_state"": 45, ""verbose"": 0, ""warm_start"": false}"
dos_to_probe,45,No TL,LinearSVM,1990,1490,110,0.6496644295302013,0.9955555555555555,0.3006711409395973,0.4618556701030928,0.5966632133687673,744,1,521,224,0.0037916249711997807,"{""C"": 1.0, ""class_weight"": null, ""dual"": ""auto"", ""fit_intercept"": true, ""intercept_scaling"": 1, ""loss"": ""squared_hinge"", ""max_iter"": 10000, ""multi_class"": ""ovr"", ""penalty"": ""l2"", ""random_state"": 45, ""tol"": 0.0001, ""verbose"": 0}"
dos_to_probe,45,No TL,NaiveBayes,1990,1490,110,0.5234899328859061,0.8431372549019608,0.05771812080536913,0.10804020100502512,0.4416053330931039,737,8,702,43,0.001608584017958492,"{""priors"": null, ""var_smoothing"": 1e-09}"
dos_to_probe,45,No TL,KNN,1990,1490,110,0.763758389261745,0.9851851851851852,0.5355704697986577,0.6939130434782609,0.778780235124544,739,6,346,399,0.0006375410011969507,"{""algorithm"": ""auto"", ""leaf_size"": 30, ""metric"": ""minkowski"", ""metric_params"": null, ""n_jobs"": null, ""n_neighbors"": 5, ""p"": 2, ""weights"": ""uniform""}"
probe_to_r2l,45,No TL,CART,1990,1490,100,0.42348993288590603,0.07462686567164178,0.013422818791946308,0.022753128555176336,0.42348993288590603,621,124,735,10,0.005881166958715767,"{""ccp_alpha"": 0.0, ""class_weight"": null, ""criterion"": ""gini"", ""max_depth"": null, ""max_features"": null, ""max_leaf_nodes"": null, ""min_impurity_decrease"": 0.0, ""min_samples_leaf"": 1, ""min_samples_split"": 2, ""min_weight_fraction_leaf"": 0.0, ""monotonic_cst"": null, ""random_state"": 45, ""splitter"": ""best""}"
probe_to_r2l,45,No TL,RandomForest,1990,1490,100,0.49798657718120803,0.4,0.008053691275167786,0.015789473684210527,0.683494437187514,736,9,739,6,0.10718712501693517,"{""bootstrap"": true, ""ccp_alpha"": 0.0, ""class_weight"": null, ""criterion"": ""gini"", ""max_depth"": null, ""max_features"": ""sqrt"", ""max_leaf_nodes"": null, ""max_samples"": null, ""min_impurity_decrease"": 0.0, ""min_samples_leaf"": 1, ""min_samples_split"": 2, ""min_weight_fraction_leaf"": 0.0, ""monotonic_cst"": null, ""n_estimators"": 100, ""n_jobs"": -1, ""oob_score"": false, ""random_state"": 45, ""verbose"": 0, ""warm_start"": false}"
probe_to_r2l,45,No TL,LinearSVM,1990,1490,100,0.5040268456375839,0.625,0.020134228187919462,0.03901170351105332,0.8341840457637044,736,9,730,15,0.0037332079955376685,"{""C"": 1.0, ""class_weight"": null, ""dual"": ""auto"", ""fit_intercept"": true, ""intercept_scaling"": 1, ""loss"": ""squared_hinge"", ""max_iter"": 10000, ""multi_class"": ""ovr"", ""penalty"": ""l2"", ""random_state"": 45, ""tol"": 0.0001, ""verbose"": 0}"
probe_to_r2l,45,No TL,NaiveBayes,1990,1490,100,0.5046979865771812,0.8181818181818182,0.012080536912751677,0.023809523809523808,0.5301986397009144,743,2,736,9,0.001980458036996424,"{""priors"": null, ""var_smoothing"": 1e-09}"
probe_to_r2l,45,No TL,KNN,1990,1490,100,0.49798657718120803,0.4117647058823529,0.009395973154362415,0.01837270341207349,0.4907247421287329,735,10,738,7,0.000639959005638957,"{""algorithm"": ""auto"", ""leaf_size"": 30, ""metric"": ""minkowski"", ""metric_params"": null, ""n_jobs"": null, ""n_neighbors"": 5, ""p"": 2, ""weights"": ""uniform""}"
dos_to_r2l,46,No TL,CART,1990,1490,108,0.4993288590604027,0.0,0.0,0.0,0.4993288590604027,744,1,745,0,0.005565542029216886,"{""ccp_alpha"": 0.0, ""class_weight"": null, ""criterion"": ""gini"", ""max_depth"": null, ""max_features"": null, ""max_leaf_nodes"": null, ""min_impurity_decrease"": 0.0, ""min_samples_leaf"": 1, ""min_samples_split"": 2, ""min_weight_fraction_leaf"": 0.0, ""monotonic_cst"": null, ""random_state"": 46, ""splitter"": ""best""}"
dos_to_r2l,46,No TL,RandomForest,1990,1490,108,0.4993288590604027,0.0,0.0,0.0,0.5095590288725733,744,1,745,0,0.10464974999194965,"{""bootstrap"": true, ""ccp_alpha"": 0.0, ""class_weight"": null, ""criterion"": ""gini"", ""max_depth"": null, ""max_features"": ""sqrt"", ""max_leaf_nodes"": null, ""max_samples"": null, ""min_impurity_decrease"": 0.0, ""min_samples_leaf"": 1, ""min_samples_split"": 2, ""min_weight_fraction_leaf"": 0.0, ""monotonic_cst"": null, ""n_estimators"": 100, ""n_jobs"": -1, ""oob_score"": false, ""random_state"": 46, ""verbose"": 0, ""warm_start"": false}"
dos_to_r2l,46,No TL,LinearSVM,1990,1490,108,0.5241610738255034,0.875,0.056375838926174496,0.10592686002522068,0.4714454303860186,739,6,703,42,0.004055334022268653,"{""C"": 1.0, ""class_weight"": null, ""dual"": ""auto"", ""fit_intercept"": true, ""intercept_scaling"": 1, ""loss"": ""squared_hinge"", ""max_iter"": 10000, ""multi_class"": ""ovr"", ""penalty"": ""l2"", ""random_state"": 46, ""tol"": 0.0001, ""verbose"": 0}"
dos_to_r2l,46,No TL,NaiveBayes,1990,1490,108,0.5033557046979866,0.7777777777777778,0.009395973154362415,0.01856763925729443,0.33840547723075537,743,2,738,7,0.001559290976729244,"{""priors"": null, ""var_smoothing"": 1e-09}"
dos_to_r2l,46,No TL,KNN,1990,1490,108,0.5194630872483221,0.8372093023255814,0.04832214765100671,0.09137055837563451,0.5078203684518715,738,7,709,36,0.0007087499834597111,"{""algorithm"": ""auto"", ""leaf_size"": 30, ""metric"": ""minkowski"", ""metric_params"": null, ""n_jobs"": null, ""n_neighbors"": 5, ""p"": 2, ""weights"": ""uniform""}"
dos_to_probe,46,No TL,CART,1990,1490,109,0.6288590604026846,0.9897959183673469,0.26040268456375837,0.412327311370882,0.6288590604026846,743,2,551,194,0.0054894170025363564,"{""ccp_alpha"": 0.0, ""class_weight"": null, ""criterion"": ""gini"", ""max_depth"": null, ""max_features"": null, ""max_leaf_nodes"": null, ""min_impurity_decrease"": 0.0, ""min_samples_leaf"": 1, ""min_samples_split"": 2, ""min_weight_fraction_leaf"": 0.0, ""monotonic_cst"": null, ""random_state"": 46, ""splitter"": ""best""}"
dos_to_probe,46,No TL,RandomForest,1990,1490,109,0.6248322147651006,1.0,0.24966442953020135,0.3995703544575725,0.8787685239403631,745,0,559,186,0.1283132919925265,"{""bootstrap"": true, ""ccp_alpha"": 0.0, ""class_weight"": null, ""criterion"": ""gini"", ""max_depth"": null, ""max_features"": ""sqrt"", ""max_leaf_nodes"": null, ""max_samples"": null, ""min_impurity_decrease"": 0.0, ""min_samples_leaf"": 1, ""min_samples_split"": 2, ""min_weight_fraction_leaf"": 0.0, ""monotonic_cst"": null, ""n_estimators"": 100, ""n_jobs"": -1, ""oob_score"": false, ""random_state"": 46, ""verbose"": 0, ""warm_start"": false}"
dos_to_probe,46,No TL,LinearSVM,1990,1490,109,0.6449664429530201,0.9778761061946902,0.2966442953020134,0.4552008238928939,0.59182739516238,740,5,524,221,0.0036654160358011723,"{""C"": 1.0, ""class_weight"": null, ""dual"": ""auto"", ""fit_intercept"": true, ""intercept_scaling"": 1, ""loss"": ""squared_hinge"", ""max_iter"": 10000, ""multi_class"": ""ovr"", ""penalty"": ""l2"", ""random_state"": 46, ""tol"": 0.0001, ""verbose"": 0}"
dos_to_probe,46,No TL,NaiveBayes,1990,1490,109,0.5234899328859061,0.9487179487179487,0.049664429530201344,0.09438775510204081,0.40509706769965315,743,2,708,37,0.001589332998264581,"{""priors"": null, ""var_smoothing"": 1e-09}"
dos_to_probe,46,No TL,KNN,1990,1490,109,0.7483221476510067,0.9817708333333334,0.5060402684563758,0.6678476527900797,0.765065537588397,738,7,368,377,0.0005977920372970402,"{""algorithm"": ""auto"", ""leaf_size"": 30, ""metric"": ""minkowski"", ""metric_params"": null, ""n_jobs"": null, ""n_neighbors"": 5, ""p"": 2, ""weights"": ""uniform""}"
probe_to_r2l,46,No TL,CART,1990,1490,98,0.525503355704698,0.8392857142857143,0.06308724832214765,0.11735330836454431,0.525503355704698,736,9,698,47,0.009151666017714888,"{""ccp_alpha"": 0.0, ""class_weight"": null, ""criterion"": ""gini"", ""max_depth"": null, ""max_features"": null, ""max_leaf_nodes"": null, ""min_impurity_decrease"": 0.0, ""min_samples_leaf"": 1, ""min_samples_split"": 2, ""min_weight_fraction_leaf"": 0.0, ""monotonic_cst"": null, ""random_state"": 46, ""splitter"": ""best""}"
probe_to_r2l,46,No TL,RandomForest,1990,1490,98,0.49530201342281877,0.0,0.0,0.0,0.6959398225305167,738,7,745,0,0.10117945802630857,"{""bootstrap"": true, ""ccp_alpha"": 0.0, ""class_weight"": null, ""criterion"": ""gini"", ""max_depth"": null, ""max_features"": ""sqrt"", ""max_leaf_nodes"": null, ""max_samples"": null, ""min_impurity_decrease"": 0.0, ""min_samples_leaf"": 1, ""min_samples_split"": 2, ""min_weight_fraction_leaf"": 0.0, ""monotonic_cst"": null, ""n_estimators"": 100, ""n_jobs"": -1, ""oob_score"": false, ""random_state"": 46, ""verbose"": 0, ""warm_start"": false}"
probe_to_r2l,46,No TL,LinearSVM,1990,1490,98,0.5154362416107383,0.6825396825396826,0.05771812080536913,0.10643564356435643,0.7961479212648078,725,20,702,43,0.0036759579670615494,"{""C"": 1.0, ""class_weight"": null, ""dual"": ""auto"", ""fit_intercept"": true, ""intercept_scaling"": 1, ""loss"": ""squared_hinge"", ""max_iter"": 10000, ""multi_class"": ""ovr"", ""penalty"": ""l2"", ""random_state"": 46, ""tol"": 0.0001, ""verbose"": 0}"
probe_to_r2l,46,No TL,NaiveBayes,1990,1490,98,0.548993288590604,0.8411214953271028,0.12080536912751678,0.2112676056338028,0.6437818116301067,728,17,655,90,0.001434125006198883,"{""priors"": null, ""var_smoothing"": 1e-09}"
probe_to_r2l,46,No TL,KNN,1990,1490,98,0.5194630872483221,0.7735849056603774,0.05503355704697987,0.10275689223057644,0.5065114184045763,733,12,704,41,0.0005604170146398246,"{""algorithm"": ""auto"", ""leaf_size"": 30, ""metric"": ""minkowski"", ""metric_params"": null, ""n_jobs"": null, ""n_neighbors"": 5, ""p"": 2, ""weights"": ""uniform""}"
dos_to_r2l,47,No TL,CART,1990,1490,109,0.4993288590604027,0.46153846153846156,0.008053691275167786,0.0158311345646438,0.4993288590604027,738,7,739,6,0.005987584008835256,"{""ccp_alpha"": 0.0, ""class_weight"": null, ""criterion"": ""gini"", ""max_depth"": null, ""max_features"": null, ""max_leaf_nodes"": null, ""min_impurity_decrease"": 0.0, ""min_samples_leaf"": 1, ""min_samples_split"": 2, ""min_weight_fraction_leaf"": 0.0, ""monotonic_cst"": null, ""random_state"": 47, ""splitter"": ""best""}"
dos_to_r2l,47,No TL,RandomForest,1990,1490,109,0.4993288590604027,0.0,0.0,0.0,0.6121075627223997,744,1,745,0,0.10422237496823072,"{""bootstrap"": true, ""ccp_alpha"": 0.0, ""class_weight"": null, ""criterion"": ""gini"", ""max_depth"": null, ""max_features"": ""sqrt"", ""max_leaf_nodes"": null, ""max_samples"": null, ""min_impurity_decrease"": 0.0, ""min_samples_leaf"": 1, ""min_samples_split"": 2, ""min_weight_fraction_leaf"": 0.0, ""monotonic_cst"": null, ""n_estimators"": 100, ""n_jobs"": -1, ""oob_score"": false, ""random_state"": 47, ""verbose"": 0, ""warm_start"": false}"
dos_to_r2l,47,No TL,LinearSVM,1990,1490,109,0.5268456375838926,0.8333333333333334,0.06711409395973154,0.12422360248447205,0.7518850502229629,735,10,695,50,0.00373129197396338,"{""C"": 1.0, ""class_weight"": null, ""dual"": ""auto"", ""fit_intercept"": true, ""intercept_scaling"": 1, ""loss"": ""squared_hinge"", ""max_iter"": 10000, ""multi_class"": ""ovr"", ""penalty"": ""l2"", ""random_state"": 47, ""tol"": 0.0001, ""verbose"": 0}"
dos_to_r2l,47,No TL,NaiveBayes,1990,1490,109,0.5093959731543625,0.8888888888888888,0.021476510067114093,0.04193971166448231,0.33481644970947255,743,2,729,16,0.001515583018772304,"{""priors"": null, ""var_smoothing"": 1e-09}"
dos_to_r2l,47,No TL,KNN,1990,1490,109,0.49530201342281877,0.3333333333333333,0.009395973154362415,0.018276762402088774,0.5139200936894736,731,14,738,7,0.0007249590125866234,"{""algorithm"": ""auto"", ""leaf_size"": 30, ""metric"": ""minkowski"", ""metric_params"": null, ""n_jobs"": null, ""n_neighbors"": 5, ""p"": 2, ""weights"": ""uniform""}"
dos_to_probe,47,No TL,CART,1990,1490,110,0.7214765100671141,0.9634831460674157,0.4604026845637584,0.623069936421435,0.721476510067114,732,13,402,343,0.005858541000634432,"{""ccp_alpha"": 0.0, ""class_weight"": null, ""criterion"": ""gini"", ""max_depth"": null, ""max_features"": null, ""max_leaf_nodes"": null, ""min_impurity_decrease"": 0.0, ""min_samples_leaf"": 1, ""min_samples_split"": 2, ""min_weight_fraction_leaf"": 0.0, ""monotonic_cst"": null, ""random_state"": 47, ""splitter"": ""best""}"
dos_to_probe,47,No TL,RandomForest,1990,1490,110,0.6644295302013423,0.9959514170040485,0.3302013422818792,0.4959677419354839,0.967051033737219,744,1,499,246,0.10729766596341506,"{""bootstrap"": true, ""ccp_alpha"": 0.0, ""class_weight"": null, ""criterion"": ""gini"", ""max_depth"": null, ""max_features"": ""sqrt"", ""max_leaf_nodes"": null, ""max_samples"": null, ""min_impurity_decrease"": 0.0, ""min_samples_leaf"": 1, ""min_samples_split"": 2, ""min_weight_fraction_leaf"": 0.0, ""monotonic_cst"": null, ""n_estimators"": 100, ""n_jobs"": -1, ""oob_score"": false, ""random_state"": 47, ""verbose"": 0, ""warm_start"": false}"
dos_to_probe,47,No TL,LinearSVM,1990,1490,110,0.7033557046979866,0.9604863221884499,0.42416107382550333,0.5884543761638734,0.600866627629386,732,13,429,316,0.004132749978452921,"{""C"": 1.0, ""class_weight"": null, ""dual"": ""auto"", ""fit_intercept"": true, ""intercept_scaling"": 1, ""loss"": ""squared_hinge"", ""max_iter"": 10000, ""multi_class"": ""ovr"", ""penalty"": ""l2"", ""random_state"": 47, ""tol"": 0.0001, ""verbose"": 0}"
dos_to_probe,47,No TL,NaiveBayes,1990,1490,110,0.5979865771812081,0.9932432432432432,0.19731543624161074,0.3292273236282195,0.5856700148641953,744,1,598,147,0.00161070900503546,"{""priors"": null, ""var_smoothing"": 1e-09}"
dos_to_probe,47,No TL,KNN,1990,1490,110,0.7550335570469798,0.9567307692307693,0.5342281879194631,0.6856158484065461,0.9058501869285167,727,18,347,398,0.0007214589859358966,"{""algorithm"": ""auto"", ""leaf_size"": 30, ""metric"": ""minkowski"", ""metric_params"": null, ""n_jobs"": null, ""n_neighbors"": 5, ""p"": 2, ""weights"": ""uniform""}"
probe_to_r2l,47,No TL,CART,1990,1490,96,0.548993288590604,0.9620253164556962,0.10201342281879194,0.18446601941747573,0.5489932885906039,742,3,669,76,0.00646291597513482,"{""ccp_alpha"": 0.0, ""class_weight"": null, ""criterion"": ""gini"", ""max_depth"": null, ""max_features"": null, ""max_leaf_nodes"": null, ""min_impurity_decrease"": 0.0, ""min_samples_leaf"": 1, ""min_samples_split"": 2, ""min_weight_fraction_leaf"": 0.0, ""monotonic_cst"": null, ""random_state"": 47, ""splitter"": ""best""}"
probe_to_r2l,47,No TL,RandomForest,1990,1490,96,0.5013422818791946,0.6,0.008053691275167786,0.015894039735099338,0.7657610017566777,741,4,739,6,0.1042554160230793,"{""bootstrap"": true, ""ccp_alpha"": 0.0, ""class_weight"": null, ""criterion"": ""gini"", ""max_depth"": null, ""max_features"": ""sqrt"", ""max_leaf_nodes"": null, ""max_samples"": null, ""min_impurity_decrease"": 0.0, ""min_samples_leaf"": 1, ""min_samples_split"": 2, ""min_weight_fraction_leaf"": 0.0, ""monotonic_cst"": null, ""n_estimators"": 100, ""n_jobs"": -1, ""oob_score"": false, ""random_state"": 47, ""verbose"": 0, ""warm_start"": false}"
probe_to_r2l,47,No TL,LinearSVM,1990,1490,96,0.5120805369127517,0.7647058823529411,0.0348993288590604,0.06675224646983312,0.8063510652673304,737,8,719,26,0.0033863330027088523,"{""C"": 1.0, ""class_weight"": null, ""dual"": ""auto"", ""fit_intercept"": true, ""intercept_scaling"": 1, ""loss"": ""squared_hinge"", ""max_iter"": 10000, ""multi_class"": ""ovr"", ""penalty"": ""l2"", ""random_state"": 47, ""tol"": 0.0001, ""verbose"": 0}"
probe_to_r2l,47,No TL,NaiveBayes,1990,1490,96,0.49798657718120803,0.4805194805194805,0.049664429530201344,0.09002433090024331,0.575072294040809,705,40,708,37,0.0014053330523893237,"{""priors"": null, ""var_smoothing"": 1e-09}"
probe_to_r2l,47,No TL,KNN,1990,1490,96,0.5,0.5,0.012080536912751677,0.023591087811271297,0.48811675149768025,736,9,736,9,0.0005371670122258365,"{""algorithm"": ""auto"", ""leaf_size"": 30, ""metric"": ""minkowski"", ""metric_params"": null, ""n_jobs"": null, ""n_neighbors"": 5, ""p"": 2, ""weights"": ""uniform""}"
dos_to_r2l,48,No TL,CART,1990,1490,109,0.49395973154362416,0.0,0.0,0.0,0.49395973154362416,736,9,745,0,0.004705167026259005,"{""ccp_alpha"": 0.0, ""class_weight"": null, ""criterion"": ""gini"", ""max_depth"": null, ""max_features"": null, ""max_leaf_nodes"": null, ""min_impurity_decrease"": 0.0, ""min_samples_leaf"": 1, ""min_samples_split"": 2, ""min_weight_fraction_leaf"": 0.0, ""monotonic_cst"": null, ""random_state"": 48, ""splitter"": ""best""}"
dos_to_r2l,48,No TL,RandomForest,1990,1490,109,0.4993288590604027,0.3333333333333333,0.0013422818791946308,0.00267379679144385,0.46184946624025947,743,2,744,1,0.1070192499901168,"{""bootstrap"": true, ""ccp_alpha"": 0.0, ""class_weight"": null, ""criterion"": ""gini"", ""max_depth"": null, ""max_features"": ""sqrt"", ""max_leaf_nodes"": null, ""max_samples"": null, ""min_impurity_decrease"": 0.0, ""min_samples_leaf"": 1, ""min_samples_split"": 2, ""min_weight_fraction_leaf"": 0.0, ""monotonic_cst"": null, ""n_estimators"": 100, ""n_jobs"": -1, ""oob_score"": false, ""random_state"": 48, ""verbose"": 0, ""warm_start"": false}"
dos_to_r2l,48,No TL,LinearSVM,1990,1490,109,0.5020134228187919,0.5714285714285714,0.016107382550335572,0.031331592689295036,0.7197711814783119,736,9,733,12,0.0037324579898267984,"{""C"": 1.0, ""class_weight"": null, ""dual"": ""auto"", ""fit_intercept"": true, ""intercept_scaling"": 1, ""loss"": ""squared_hinge"", ""max_iter"": 10000, ""multi_class"": ""ovr"", ""penalty"": ""l2"", ""random_state"": 48, ""tol"": 0.0001, ""verbose"": 0}"
dos_to_r2l,48,No TL,NaiveBayes,1990,1490,109,0.4986577181208054,0.42857142857142855,0.008053691275167786,0.015810276679841896,0.2728345570019369,737,8,739,6,0.0015218749758787453,"{""priors"": null, ""var_smoothing"": 1e-09}"
dos_to_r2l,48,No TL,KNN,1990,1490,109,0.5174496644295302,0.7954545454545454,0.04697986577181208,0.08871989860583017,0.5078464934011981,736,9,710,35,0.0006162080098874867,"{""algorithm"": ""auto"", ""leaf_size"": 30, ""metric"": ""minkowski"", ""metric_params"": null, ""n_jobs"": null, ""n_neighbors"": 5, ""p"": 2, ""weights"": ""uniform""}"
dos_to_probe,48,No TL,CART,1990,1490,109,0.7953020134228188,0.980349344978166,0.6026845637583893,0.7464671654197839,0.7953020134228188,736,9,296,449,0.004569166980218142,"{""ccp_alpha"": 0.0, ""class_weight"": null, ""criterion"": ""gini"", ""max_depth"": null, ""max_features"": null, ""max_leaf_nodes"": null, ""min_impurity_decrease"": 0.0, ""min_samples_leaf"": 1, ""min_samples_split"": 2, ""min_weight_fraction_leaf"": 0.0, ""monotonic_cst"": null, ""random_state"": 48, ""splitter"": ""best""}"
dos_to_probe,48,No TL,RandomForest,1990,1490,109,0.6677852348993288,0.996031746031746,0.33691275167785234,0.5035105315947843,0.989876131705779,744,1,494,251,0.10349716700147837,"{""bootstrap"": true, ""ccp_alpha"": 0.0, ""class_weight"": null, ""criterion"": ""gini"", ""max_depth"": null, ""max_features"": ""sqrt"", ""max_leaf_nodes"": null, ""max_samples"": null, ""min_impurity_decrease"": 0.0, ""min_samples_leaf"": 1, ""min_samples_split"": 2, ""min_weight_fraction_leaf"": 0.0, ""monotonic_cst"": null, ""n_estimators"": 100, ""n_jobs"": -1, ""oob_score"": false, ""random_state"": 48, ""verbose"": 0, ""warm_start"": false}"
dos_to_probe,48,No TL,LinearSVM,1990,1490,109,0.6677852348993288,0.9770992366412213,0.3436241610738255,0.5084409136047666,0.5828169902256655,739,6,489,256,0.003724083013366908,"{""C"": 1.0, ""class_weight"": null, ""dual"": ""auto"", ""fit_intercept"": true, ""intercept_scaling"": 1, ""loss"": ""squared_hinge"", ""max_iter"": 10000, ""multi_class"": ""ovr"", ""penalty"": ""l2"", ""random_state"": 48, ""tol"": 0.0001, ""verbose"": 0}"
dos_to_probe,48,No TL,NaiveBayes,1990,1490,109,0.5342281879194631,0.9322033898305084,0.0738255033557047,0.13681592039800994,0.4479356785730373,741,4,690,55,0.0015696660266257823,"{""priors"": null, ""var_smoothing"": 1e-09}"
dos_to_probe,48,No TL,KNN,1990,1490,109,0.7355704697986577,0.9730458221024259,0.48456375838926175,0.6469534050179212,0.8306571776046124,735,10,384,361,0.0006177080213092268,"{""algorithm"": ""auto"", ""leaf_size"": 30, ""metric"": ""minkowski"", ""metric_params"": null, ""n_jobs"": null, ""n_neighbors"": 5, ""p"": 2, ""weights"": ""uniform""}"
probe_to_r2l,48,No TL,CART,1990,1490,100,0.4590604026845638,0.057971014492753624,0.005369127516778523,0.009828009828009828,0.4590604026845637,680,65,741,4,0.0066868329886347055,"{""ccp_alpha"": 0.0, ""class_weight"": null, ""criterion"": ""gini"", ""max_depth"": null, ""max_features"": null, ""max_leaf_nodes"": null, ""min_impurity_decrease"": 0.0, ""min_samples_leaf"": 1, ""min_samples_split"": 2, ""min_weight_fraction_leaf"": 0.0, ""monotonic_cst"": null, ""random_state"": 48, ""splitter"": ""best""}"
probe_to_r2l,48,No TL,RandomForest,1990,1490,100,0.4959731543624161,0.2,0.0026845637583892616,0.005298013245033113,0.5903400747714067,737,8,743,2,0.103829667030368,"{""bootstrap"": true, ""ccp_alpha"": 0.0, ""class_weight"": null, ""criterion"": ""gini"", ""max_depth"": null, ""max_features"": ""sqrt"", ""max_leaf_nodes"": null, ""max_samples"": null, ""min_impurity_decrease"": 0.0, ""min_samples_leaf"": 1, ""min_samples_split"": 2, ""min_weight_fraction_leaf"": 0.0, ""monotonic_cst"": null, ""n_estimators"": 100, ""n_jobs"": -1, ""oob_score"": false, ""random_state"": 48, ""verbose"": 0, ""warm_start"": false}"
probe_to_r2l,48,No TL,LinearSVM,1990,1490,100,0.512751677852349,0.6557377049180327,0.053691275167785234,0.09925558312655088,0.7740119814422772,724,21,705,40,0.0036472080391831696,"{""C"": 1.0, ""class_weight"": null, ""dual"": ""auto"", ""fit_intercept"": true, ""intercept_scaling"": 1, ""loss"": ""squared_hinge"", ""max_iter"": 10000, ""multi_class"": ""ovr"", ""penalty"": ""l2"", ""random_state"": 48, ""tol"": 0.0001, ""verbose"": 0}"
probe_to_r2l,48,No TL,NaiveBayes,1990,1490,100,0.4959731543624161,0.25,0.004026845637583893,0.007926023778071334,0.4566397910004054,736,9,742,3,0.0014972499920986593,"{""priors"": null, ""var_smoothing"": 1e-09}"
probe_to_r2l,48,No TL,KNN,1990,1490,100,0.5194630872483221,0.7959183673469388,0.052348993288590606,0.0982367758186398,0.5072627359127967,735,10,706,39,0.0005776250036433339,"{""algorithm"": ""auto"", ""leaf_size"": 30, ""metric"": ""minkowski"", ""metric_params"": null, ""n_jobs"": null, ""n_neighbors"": 5, ""p"": 2, ""weights"": ""uniform""}"
dos_to_r2l,49,No TL,CART,1990,1490,110,0.4966442953020134,0.35294117647058826,0.008053691275167786,0.015748031496062992,0.4966442953020135,734,11,739,6,0.004936958022881299,"{""ccp_alpha"": 0.0, ""class_weight"": null, ""criterion"": ""gini"", ""max_depth"": null, ""max_features"": null, ""max_leaf_nodes"": null, ""min_impurity_decrease"": 0.0, ""min_samples_leaf"": 1, ""min_samples_split"": 2, ""min_weight_fraction_leaf"": 0.0, ""monotonic_cst"": null, ""random_state"": 49, ""splitter"": ""best""}"
dos_to_r2l,49,No TL,RandomForest,1990,1490,110,0.5006711409395973,1.0,0.0013422818791946308,0.002680965147453083,0.717814512859781,745,0,744,1,0.10671262501273304,"{""bootstrap"": true, ""ccp_alpha"": 0.0, ""class_weight"": null, ""criterion"": ""gini"", ""max_depth"": null, ""max_features"": ""sqrt"", ""max_leaf_nodes"": null, ""max_samples"": null, ""min_impurity_decrease"": 0.0, ""min_samples_leaf"": 1, ""min_samples_split"": 2, ""min_weight_fraction_leaf"": 0.0, ""monotonic_cst"": null, ""n_estimators"": 100, ""n_jobs"": -1, ""oob_score"": false, ""random_state"": 49, ""verbose"": 0, ""warm_start"": false}"
dos_to_r2l,49,No TL,LinearSVM,1990,1490,110,0.5248322147651007,0.9111111111111111,0.05503355704697987,0.10379746835443038,0.3928922120625197,741,4,704,41,0.003808500012382865,"{""C"": 1.0, ""class_weight"": null, ""dual"": ""auto"", ""fit_intercept"": true, ""intercept_scaling"": 1, ""loss"": ""squared_hinge"", ""max_iter"": 10000, ""multi_class"": ""ovr"", ""penalty"": ""l2"", ""random_state"": 49, ""tol"": 0.0001, ""verbose"": 0}"
dos_to_r2l,49,No TL,NaiveBayes,1990,1490,110,0.5053691275167785,0.9,0.012080536912751677,0.02384105960264901,0.19359308139273004,744,1,736,9,0.0015775829670019448,"{""priors"": null, ""var_smoothing"": 1e-09}"
dos_to_r2l,49,No TL,KNN,1990,1490,110,0.49798657718120803,0.4,0.008053691275167786,0.015789473684210527,0.514765100671141,736,9,739,6,0.0006512079853564501,"{""algorithm"": ""auto"", ""leaf_size"": 30, ""metric"": ""minkowski"", ""metric_params"": null, ""n_jobs"": null, ""n_neighbors"": 5, ""p"": 2, ""weights"": ""uniform""}"
dos_to_probe,49,No TL,CART,1990,1490,114,0.697986577181208,0.8554216867469879,0.47651006711409394,0.6120689655172413,0.697986577181208,685,60,390,355,0.005374875036068261,"{""ccp_alpha"": 0.0, ""class_weight"": null, ""criterion"": ""gini"", ""max_depth"": null, ""max_features"": null, ""max_leaf_nodes"": null, ""min_impurity_decrease"": 0.0, ""min_samples_leaf"": 1, ""min_samples_split"": 2, ""min_weight_fraction_leaf"": 0.0, ""monotonic_cst"": null, ""random_state"": 49, ""splitter"": ""best""}"
dos_to_probe,49,No TL,RandomForest,1990,1490,114,0.6503355704697986,1.0,0.3006711409395973,0.46233230134158926,0.9681032385928561,745,0,521,224,0.10291612497530878,"{""bootstrap"": true, ""ccp_alpha"": 0.0, ""class_weight"": null, ""criterion"": ""gini"", ""max_depth"": null, ""max_features"": ""sqrt"", ""max_leaf_nodes"": null, ""max_samples"": null, ""min_impurity_decrease"": 0.0, ""min_samples_leaf"": 1, ""min_samples_split"": 2, ""min_weight_fraction_leaf"": 0.0, ""monotonic_cst"": null, ""n_estimators"": 100, ""n_jobs"": -1, ""oob_score"": false, ""random_state"": 49, ""verbose"": 0, ""warm_start"": false}"
dos_to_probe,49,No TL,LinearSVM,1990,1490,114,0.702013422818792,0.9808306709265175,0.4120805369127517,0.5803402646502835,0.5825899734246205,739,6,438,307,0.003736417042091489,"{""C"": 1.0, ""class_weight"": null, ""dual"": ""auto"", ""fit_intercept"": true, ""intercept_scaling"": 1, ""loss"": ""squared_hinge"", ""max_iter"": 10000, ""multi_class"": ""ovr"", ""penalty"": ""l2"", ""random_state"": 49, ""tol"": 0.0001, ""verbose"": 0}"
dos_to_probe,49,No TL,NaiveBayes,1990,1490,114,0.5221476510067115,0.9714285714285714,0.04563758389261745,0.08717948717948718,0.44207287960001806,744,1,711,34,0.0015215420280583203,"{""priors"": null, ""var_smoothing"": 1e-09}"
dos_to_probe,49,No TL,KNN,1990,1490,114,0.761744966442953,0.9802955665024631,0.5342281879194631,0.6915725456125109,0.7649529300481961,737,8,347,398,0.0006104999920353293,"{""algorithm"": ""auto"", ""leaf_size"": 30, ""metric"": ""minkowski"", ""metric_params"": null, ""n_jobs"": null, ""n_neighbors"": 5, ""p"": 2, ""weights"": ""uniform""}"
probe_to_r2l,49,No TL,CART,1990,1490,98,0.4375838926174497,0.07339449541284404,0.010738255033557046,0.01873536299765808,0.4375838926174497,644,101,737,8,0.005356582987587899,"{""ccp_alpha"": 0.0, ""class_weight"": null, ""criterion"": ""gini"", ""max_depth"": null, ""max_features"": null, ""max_leaf_nodes"": null, ""min_impurity_decrease"": 0.0, ""min_samples_leaf"": 1, ""min_samples_split"": 2, ""min_weight_fraction_leaf"": 0.0, ""monotonic_cst"": null, ""random_state"": 49, ""splitter"": ""best""}"
probe_to_r2l,49,No TL,RandomForest,1990,1490,98,0.49261744966442955,0.13333333333333333,0.0026845637583892616,0.005263157894736842,0.6341597225350211,732,13,743,2,0.10169845796190202,"{""bootstrap"": true, ""ccp_alpha"": 0.0, ""class_weight"": null, ""criterion"": ""gini"", ""max_depth"": null, ""max_features"": ""sqrt"", ""max_leaf_nodes"": null, ""max_samples"": null, ""min_impurity_decrease"": 0.0, ""min_samples_leaf"": 1, ""min_samples_split"": 2, ""min_weight_fraction_leaf"": 0.0, ""monotonic_cst"": null, ""n_estimators"": 100, ""n_jobs"": -1, ""oob_score"": false, ""random_state"": 49, ""verbose"": 0, ""warm_start"": false}"
probe_to_r2l,49,No TL,LinearSVM,1990,1490,98,0.5228187919463088,0.84,0.056375838926174496,0.10566037735849057,0.8594982208008648,737,8,703,42,0.0036435829824768007,"{""C"": 1.0, ""class_weight"": null, ""dual"": ""auto"", ""fit_intercept"": true, ""intercept_scaling"": 1, ""loss"": ""squared_hinge"", ""max_iter"": 10000, ""multi_class"": ""ovr"", ""penalty"": ""l2"", ""random_state"": 49, ""tol"": 0.0001, ""verbose"": 0}"
probe_to_r2l,49,No TL,NaiveBayes,1990,1490,98,0.5020134228187919,0.6,0.012080536912751677,0.02368421052631579,0.6792522859330662,739,6,736,9,0.0015177909517660737,"{""priors"": null, ""var_smoothing"": 1e-09}"
probe_to_r2l,49,No TL,KNN,1990,1490,98,0.5,0.5,0.008053691275167786,0.015852047556142668,0.5129714877708211,739,6,739,6,0.0006467080092988908,"{""algorithm"": ""auto"", ""leaf_size"": 30, ""metric"": ""minkowski"", ""metric_params"": null, ""n_jobs"": null, ""n_neighbors"": 5, ""p"": 2, ""weights"": ""uniform""}"
dos_to_r2l,50,No TL,CART,1990,1490,109,0.5026845637583892,0.6666666666666666,0.010738255033557046,0.021136063408190225,0.5026845637583893,741,4,737,8,0.006211832980625331,"{""ccp_alpha"": 0.0, ""class_weight"": null, ""criterion"": ""gini"", ""max_depth"": null, ""max_features"": null, ""max_leaf_nodes"": null, ""min_impurity_decrease"": 0.0, ""min_samples_leaf"": 1, ""min_samples_split"": 2, ""min_weight_fraction_leaf"": 0.0, ""monotonic_cst"": null, ""random_state"": 50, ""splitter"": ""best""}"
dos_to_r2l,50,No TL,RandomForest,1990,1490,109,0.5026845637583892,1.0,0.005369127516778523,0.010680907877169559,0.7175514616458718,745,0,741,4,0.10595391696551815,"{""bootstrap"": true, ""ccp_alpha"": 0.0, ""class_weight"": null, ""criterion"": ""gini"", ""max_depth"": null, ""max_features"": ""sqrt"", ""max_leaf_nodes"": null, ""max_samples"": null, ""min_impurity_decrease"": 0.0, ""min_samples_leaf"": 1, ""min_samples_split"": 2, ""min_weight_fraction_leaf"": 0.0, ""monotonic_cst"": null, ""n_estimators"": 100, ""n_jobs"": -1, ""oob_score"": false, ""random_state"": 50, ""verbose"": 0, ""warm_start"": false}"
dos_to_r2l,50,No TL,LinearSVM,1990,1490,109,0.5020134228187919,0.5882352941176471,0.013422818791946308,0.026246719160104987,0.5619206342056664,738,7,735,10,0.0034750000340864062,"{""C"": 1.0, ""class_weight"": null, ""dual"": ""auto"", ""fit_intercept"": true, ""intercept_scaling"": 1, ""loss"": ""squared_hinge"", ""max_iter"": 10000, ""multi_class"": ""ovr"", ""penalty"": ""l2"", ""random_state"": 50, ""tol"": 0.0001, ""verbose"": 0}"
dos_to_r2l,50,No TL,NaiveBayes,1990,1490,109,0.5315436241610738,0.9607843137254902,0.06577181208053691,0.12311557788944724,0.3367460925183551,743,2,696,49,0.0015512499958276749,"{""priors"": null, ""var_smoothing"": 1e-09}"
dos_to_r2l,50,No TL,KNN,1990,1490,109,0.49731543624161073,0.35714285714285715,0.006711409395973154,0.013175230566534914,0.5198585649295078,736,9,740,5,0.0006659169448539615,"{""algorithm"": ""auto"", ""leaf_size"": 30, ""metric"": ""minkowski"", ""metric_params"": null, ""n_jobs"": null, ""n_neighbors"": 5, ""p"": 2, ""weights"": ""uniform""}"
dos_to_probe,50,No TL,CART,1990,1490,110,0.6825503355704698,0.9689655172413794,0.37718120805369126,0.5429951690821256,0.6825503355704698,736,9,464,281,0.0062394579872488976,"{""ccp_alpha"": 0.0, ""class_weight"": null, ""criterion"": ""gini"", ""max_depth"": null, ""max_features"": null, ""max_leaf_nodes"": null, ""min_impurity_decrease"": 0.0, ""min_samples_leaf"": 1, ""min_samples_split"": 2, ""min_weight_fraction_leaf"": 0.0, ""monotonic_cst"": null, ""random_state"": 50, ""splitter"": ""best""}"
dos_to_probe,50,No TL,RandomForest,1990,1490,110,0.6751677852348993,0.9961977186311787,0.3516778523489933,0.5198412698412699,0.9900373857033468,744,1,483,262,0.10501229198416695,"{""bootstrap"": true, ""ccp_alpha"": 0.0, ""class_weight"": null, ""criterion"": ""gini"", ""max_depth"": null, ""max_features"": ""sqrt"", ""max_leaf_nodes"": null, ""max_samples"": null, ""min_impurity_decrease"": 0.0, ""min_samples_leaf"": 1, ""min_samples_split"": 2, ""min_weight_fraction_leaf"": 0.0, ""monotonic_cst"": null, ""n_estimators"": 100, ""n_jobs"": -1, ""oob_score"": false, ""random_state"": 50, ""verbose"": 0, ""warm_start"": false}"
dos_to_probe,50,No TL,LinearSVM,1990,1490,110,0.6818791946308724,0.9688581314878892,0.37583892617449666,0.5415860735009671,0.6051475158776631,736,9,465,280,0.0035361669724807143,"{""C"": 1.0, ""class_weight"": null, ""dual"": ""auto"", ""fit_intercept"": true, ""intercept_scaling"": 1, ""loss"": ""squared_hinge"", ""max_iter"": 10000, ""multi_class"": ""ovr"", ""penalty"": ""l2"", ""random_state"": 50, ""tol"": 0.0001, ""verbose"": 0}"
dos_to_probe,50,No TL,NaiveBayes,1990,1490,110,0.565771812080537,0.9803921568627451,0.1342281879194631,0.2361275088547816,0.4548966262780956,743,2,645,100,0.0017522089765407145,"{""priors"": null, ""var_smoothing"": 1e-09}"
dos_to_probe,50,No TL,KNN,1990,1490,110,0.763758389261745,0.9781021897810219,0.5395973154362416,0.6955017301038062,0.8678762217918111,736,9,343,402,0.000634875032119453,"{""algorithm"": ""auto"", ""leaf_size"": 30, ""metric"": ""minkowski"", ""metric_params"": null, ""n_jobs"": null, ""n_neighbors"": 5, ""p"": 2, ""weights"": ""uniform""}"
probe_to_r2l,50,No TL,CART,1990,1490,95,0.4469798657718121,0.184,0.03087248322147651,0.052873563218390804,0.44697986577181215,643,102,722,23,0.0070563750341534615,"{""ccp_alpha"": 0.0, ""class_weight"": null, ""criterion"": ""gini"", ""max_depth"": null, ""max_features"": null, ""max_leaf_nodes"": null, ""min_impurity_decrease"": 0.0, ""min_samples_leaf"": 1, ""min_samples_split"": 2, ""min_weight_fraction_leaf"": 0.0, ""monotonic_cst"": null, ""random_state"": 50, ""splitter"": ""best""}"
probe_to_r2l,50,No TL,RandomForest,1990,1490,95,0.4966442953020134,0.2727272727272727,0.004026845637583893,0.007936507936507936,0.6840367551011216,737,8,742,3,0.10459474998060614,"{""bootstrap"": true, ""ccp_alpha"": 0.0, ""class_weight"": null, ""criterion"": ""gini"", ""max_depth"": null, ""max_features"": ""sqrt"", ""max_leaf_nodes"": null, ""max_samples"": null, ""min_impurity_decrease"": 0.0, ""min_samples_leaf"": 1, ""min_samples_split"": 2, ""min_weight_fraction_leaf"": 0.0, ""monotonic_cst"": null, ""n_estimators"": 100, ""n_jobs"": -1, ""oob_score"": false, ""random_state"": 50, ""verbose"": 0, ""warm_start"": false}"
probe_to_r2l,50,No TL,LinearSVM,1990,1490,95,0.5268456375838926,0.8333333333333334,0.06711409395973154,0.12422360248447205,0.8349497770370703,735,10,695,50,0.003726916969753802,"{""C"": 1.0, ""class_weight"": null, ""dual"": ""auto"", ""fit_intercept"": true, ""intercept_scaling"": 1, ""loss"": ""squared_hinge"", ""max_iter"": 10000, ""multi_class"": ""ovr"", ""penalty"": ""l2"", ""random_state"": 50, ""tol"": 0.0001, ""verbose"": 0}"
probe_to_r2l,50,No TL,NaiveBayes,1990,1490,95,0.48456375838926175,0.3283582089552239,0.02953020134228188,0.054187192118226604,0.4790676095671367,700,45,723,22,0.001412374956998974,"{""priors"": null, ""var_smoothing"": 1e-09}"
probe_to_r2l,50,No TL,KNN,1990,1490,95,0.525503355704698,0.8653846153846154,0.06040268456375839,0.11292346298619825,0.5185937570379713,738,7,700,45,0.001002624980174005,"{""algorithm"": ""auto"", ""leaf_size"": 30, ""metric"": ""minkowski"", ""metric_params"": null, ""n_jobs"": null, ""n_neighbors"": 5, ""p"": 2, ""weights"": ""uniform""}"
dos_to_r2l,51,No TL,CART,1990,1490,108,0.4986577181208054,0.375,0.004026845637583893,0.00796812749003984,0.49865771812080534,740,5,742,3,0.006204749981407076,"{""ccp_alpha"": 0.0, ""class_weight"": null, ""criterion"": ""gini"", ""max_depth"": null, ""max_features"": null, ""max_leaf_nodes"": null, ""min_impurity_decrease"": 0.0, ""min_samples_leaf"": 1, ""min_samples_split"": 2, ""min_weight_fraction_leaf"": 0.0, ""monotonic_cst"": null, ""random_state"": 51, ""splitter"": ""best""}"
dos_to_r2l,51,No TL,RandomForest,1990,1490,108,0.5013422818791946,1.0,0.0026845637583892616,0.00535475234270415,0.6001270213053466,745,0,743,2,0.10442320798756555,"{""bootstrap"": true, ""ccp_alpha"": 0.0, ""class_weight"": null, ""criterion"": ""gini"", ""max_depth"": null, ""max_features"": ""sqrt"", ""max_leaf_nodes"": null, ""max_samples"": null, ""min_impurity_decrease"": 0.0, ""min_samples_leaf"": 1, ""min_samples_split"": 2, ""min_weight_fraction_leaf"": 0.0, ""monotonic_cst"": null, ""n_estimators"": 100, ""n_jobs"": -1, ""oob_score"": false, ""random_state"": 51, ""verbose"": 0, ""warm_start"": false}"
dos_to_r2l,51,No TL,LinearSVM,1990,1490,108,0.5013422818791946,0.6,0.008053691275167786,0.015894039735099338,0.48880861222467453,741,4,739,6,0.0035518750082701445,"{""C"": 1.0, ""class_weight"": null, ""dual"": ""auto"", ""fit_intercept"": true, ""intercept_scaling"": 1, ""loss"": ""squared_hinge"", ""max_iter"": 10000, ""multi_class"": ""ovr"", ""penalty"": ""l2"", ""random_state"": 51, ""tol"": 0.0001, ""verbose"": 0}"
dos_to_r2l,51,No TL,NaiveBayes,1990,1490,108,0.5053691275167785,0.9,0.012080536912751677,0.02384105960264901,0.29577496509166257,744,1,736,9,0.001491667004302144,"{""priors"": null, ""var_smoothing"": 1e-09}"
dos_to_r2l,51,No TL,KNN,1990,1490,108,0.5187919463087248,0.8181818181818182,0.04832214765100671,0.09125475285171103,0.507227602360254,737,8,709,36,0.0006098329904489219,"{""algorithm"": ""auto"", ""leaf_size"": 30, ""metric"": ""minkowski"", ""metric_params"": null, ""n_jobs"": null, ""n_neighbors"": 5, ""p"": 2, ""weights"": ""uniform""}"
dos_to_probe,51,No TL,CART,1990,1490,109,0.7456375838926175,0.9668367346938775,0.508724832214765,0.6666666666666666,0.7456375838926174,732,13,366,379,0.006224000011570752,"{""ccp_alpha"": 0.0, ""class_weight"": null, ""criterion"": ""gini"", ""max_depth"": null, ""max_features"": null, ""max_leaf_nodes"": null, ""min_impurity_decrease"": 0.0, ""min_samples_leaf"": 1, ""min_samples_split"": 2, ""min_weight_fraction_leaf"": 0.0, ""monotonic_cst"": null, ""random_state"": 51, ""splitter"": ""best""}"
dos_to_probe,51,No TL,RandomForest,1990,1490,109,0.6758389261744966,1.0,0.3516778523489933,0.5203574975173784,0.9615152470609432,745,0,483,262,0.10388658399460837,"{""bootstrap"": true, ""ccp_alpha"": 0.0, ""class_weight"": null, ""criterion"": ""gini"", ""max_depth"": null, ""max_features"": ""sqrt"", ""max_leaf_nodes"": null, ""max_samples"": null, ""min_impurity_decrease"": 0.0, ""min_samples_leaf"": 1, ""min_samples_split"": 2, ""min_weight_fraction_leaf"": 0.0, ""monotonic_cst"": null, ""n_estimators"": 100, ""n_jobs"": -1, ""oob_score"": false, ""random_state"": 51, ""verbose"": 0, ""warm_start"": false}"
dos_to_probe,51,No TL,LinearSVM,1990,1490,109,0.6798657718120805,0.9855072463768116,0.3651006711409396,0.5328109696376102,0.5988505022296293,741,4,473,272,0.0034574170131236315,"{""C"": 1.0, ""class_weight"": null, ""dual"": ""auto"", ""fit_intercept"": true, ""intercept_scaling"": 1, ""loss"": ""squared_hinge"", ""max_iter"": 10000, ""multi_class"": ""ovr"", ""penalty"": ""l2"", ""random_state"": 51, ""tol"": 0.0001, ""verbose"": 0}"
dos_to_probe,51,No TL,NaiveBayes,1990,1490,109,0.5375838926174497,0.9666666666666667,0.07785234899328859,0.14409937888198757,0.5112373316517274,743,2,687,58,0.0015052499948069453,"{""priors"": null, ""var_smoothing"": 1e-09}"
dos_to_probe,51,No TL,KNN,1990,1490,109,0.9020134228187919,0.9869918699186991,0.8147651006711409,0.8926470588235295,0.9508193324625016,737,8,138,607,0.0007387499790638685,"{""algorithm"": ""auto"", ""leaf_size"": 30, ""metric"": ""minkowski"", ""metric_params"": null, ""n_jobs"": null, ""n_neighbors"": 5, ""p"": 2, ""weights"": ""uniform""}"
probe_to_r2l,51,No TL,CART,1990,1490,102,0.4906040268456376,0.28125,0.012080536912751677,0.023166023166023165,0.4906040268456376,722,23,736,9,0.006394582975190133,"{""ccp_alpha"": 0.0, ""class_weight"": null, ""criterion"": ""gini"", ""max_depth"": null, ""max_features"": null, ""max_leaf_nodes"": null, ""min_impurity_decrease"": 0.0, ""min_samples_leaf"": 1, ""min_samples_split"": 2, ""min_weight_fraction_leaf"": 0.0, ""monotonic_cst"": null, ""random_state"": 51, ""splitter"": ""best""}"
probe_to_r2l,51,No TL,RandomForest,1990,1490,102,0.49530201342281877,0.26666666666666666,0.005369127516778523,0.010526315789473684,0.6147011395883069,734,11,741,4,0.10234629100887105,"{""bootstrap"": true, ""ccp_alpha"": 0.0, ""class_weight"": null, ""criterion"": ""gini"", ""max_depth"": null, ""max_features"": ""sqrt"", ""max_leaf_nodes"": null, ""max_samples"": null, ""min_impurity_decrease"": 0.0, ""min_samples_leaf"": 1, ""min_samples_split"": 2, ""min_weight_fraction_leaf"": 0.0, ""monotonic_cst"": null, ""n_estimators"": 100, ""n_jobs"": -1, ""oob_score"": false, ""random_state"": 51, ""verbose"": 0, ""warm_start"": false}"
probe_to_r2l,51,No TL,LinearSVM,1990,1490,102,0.49530201342281877,0.36,0.012080536912751677,0.023376623376623377,0.7697130759875681,729,16,736,9,0.0038672920200042427,"{""C"": 1.0, ""class_weight"": null, ""dual"": ""auto"", ""fit_intercept"": true, ""intercept_scaling"": 1, ""loss"": ""squared_hinge"", ""max_iter"": 10000, ""multi_class"": ""ovr"", ""penalty"": ""l2"", ""random_state"": 51, ""tol"": 0.0001, ""verbose"": 0}"
probe_to_r2l,51,No TL,NaiveBayes,1990,1490,102,0.5026845637583892,0.6666666666666666,0.010738255033557046,0.021136063408190225,0.4839367596054232,741,4,737,8,0.0014550830237567425,"{""priors"": null, ""var_smoothing"": 1e-09}"
probe_to_r2l,51,No TL,KNN,1990,1490,102,0.49731543624161073,0.3888888888888889,0.009395973154362415,0.01834862385321101,0.5022944912391334,734,11,738,7,0.0005975000094622374,"{""algorithm"": ""auto"", ""leaf_size"": 30, ""metric"": ""minkowski"", ""metric_params"": null, ""n_jobs"": null, ""n_neighbors"": 5, ""p"": 2, ""weights"": ""uniform""}"
