task,approach,classifier,accuracy_mean,accuracy_std,precision_mean,precision_std,recall_mean,recall_std,f1_mean,f1_std,roc_auc_mean,roc_auc_std,fit_seconds_mean,fit_seconds_std
dos_to_r2l,No TL,CART,0.4957718120805369,0.007991620112491674,0.29322146807440924,0.23272687693139307,0.011006711409395974,0.018369601447929533,0.01999022298291859,0.031152408407551513,0.4957718120805369,0.007991620112491679,0.006120391696458683,0.0023480050458964995
dos_to_r2l,No TL,RandomForest,0.5003355704697986,0.0010611670000565039,0.45,0.44479153113884656,0.0016107382550335568,0.0017671962110184785,0.0032078469680243125,0.003516726900453058,0.6042727805053826,0.08612367003874395,0.10400204578763805,0.003734285216793952
dos_to_r2l,No TL,LinearSVM,0.5148993288590604,0.014009548008440832,0.7508140046116221,0.17595797851513248,0.03704697986577181,0.02688438665070366,0.06983765197680136,0.04971136289570023,0.61389577046079,0.1441659914215288,0.00378687089541927,0.0003246123567279021
dos_to_r2l,No TL,NaiveBayes,0.5060402684563758,0.009585809971198457,0.7570115333582825,0.21973589982159997,0.0174496644295302,0.017466864694356272,0.03364969173129207,0.03242478205224663,0.29518643304355663,0.043227631952804345,0.0015452540887054057,0.0001128088278088299
dos_to_r2l,No TL,KNN,0.5049664429530202,0.00964410822348923,0.5863291553407832,0.20430844838369253,0.01959731543624161,0.01954596768733789,0.03742791382782107,0.036652423284105715,0.5083987207783434,0.011275089242391657,0.0006664748885668814,5.9862651159516285e-05
dos_to_probe,No TL,CART,0.6923489932885907,0.05169015029397506,0.9540413944154714,0.03973831098234043,0.40523489932885903,0.10642460485091958,0.5612645487747029,0.10350301127605609,0.6923489932885907,0.05169015029397503,0.005346595798619092,0.0006746091265041142
dos_to_probe,No TL,RandomForest,0.6661073825503355,0.020263690171538243,0.9979918947762444,0.0021221154378287224,0.33288590604026846,0.040536023813534224,0.49797370145212694,0.04647479059373697,0.9623137696500157,0.034772702020528255,0.1067762125923764,0.007702703505588928
dos_to_probe,No TL,LinearSVM,0.6799328859060403,0.02074261059700858,0.9805157743408142,0.01055159212791873,0.36738255033557043,0.04383440417657102,0.5330086219049732,0.046515459421868265,0.6012957974865997,0.018156578050123412,0.0037186875008046625,0.00018272762286822503
dos_to_probe,No TL,NaiveBayes,0.54,0.024351310065750694,0.948927181871632,0.05011936806611825,0.08389261744966443,0.04784021002084513,0.15124860207348984,0.07689650617469657,0.46573577766767266,0.05428858092906047,0.0016426959075033665,0.00017289885807365675
dos_to_probe,No TL,KNN,0.7896644295302013,0.059975454877009955,0.9819230583274559,0.011154259149515983,0.5896644295302014,0.11815308690469148,0.7314125182437945,0.08681453054765878,0.8587591549930182,0.07769611964990945,0.0006576834130100906,5.383977284100696e-05
probe_to_r2l,No TL,CART,0.47080536912751675,0.04874416964459437,0.3605767141145288,0.3734695511352206,0.03516778523489933,0.03171246481757117,0.06315451893459686,0.05813423352486119,0.47080536912751675,0.04874416964459435,0.006890424794983118,0.0011926476833378438
probe_to_r2l,No TL,RandomForest,0.4969798657718121,0.002651738163563683,0.21393939393939393,0.19341363921160848,0.0036241610738255033,0.0031030945654406624,0.007123382407453511,0.0060997886201289145,0.6704569163551192,0.05217793518878977,0.1039939540089108,0.0020135231172516447
probe_to_r2l,No TL,LinearSVM,0.5130872483221476,0.012588738813296136,0.6683096462628767,0.19865026516957057,0.0440268456375839,0.022538969473190035,0.08219652253505652,0.04120537712402096,0.8032843565605152,0.03423864673183198,0.0036188247962854803,0.00016277060965086613
probe_to_r2l,No TL,NaiveBayes,0.5061073825503356,0.01840022643224219,0.5718564144746077,0.21790416268929574,0.03449664429530201,0.03624464869748416,0.06305801503933939,0.06338753025087383,0.5569229313994866,0.09224859360384689,0.0015302040090318769,0.00017573555835228818
probe_to_r2l,No TL,KNN,0.5054362416107383,0.011334358677964156,0.5534152594274284,0.19656917220025583,0.023221476510067115,0.02269166676805343,0.044007865530035786,0.04206942643237919,0.5044381784604297,0.011123867464056287,0.0006499542098026723,0.0001348742456674233
