task,seed,classifier,beta,latent_dimension,learning_rate,steps_run,converged,final_loss,validation_accuracy,validation_precision,validation_recall,validation_f1,validation_roc_auc,validation_tn,validation_fp,validation_fn,validation_tp
dos_to_probe,47,CART,0.001,2,0.0001,11,True,8992.777619742006,0.736,0.8782051282051282,0.548,0.6748768472906403,0.736,231,19,113,137
dos_to_probe,47,RandomForest,0.001,2,0.0001,11,True,8992.777619742006,0.73,0.8758169934640523,0.536,0.6650124069478908,0.705424,231,19,116,134
dos_to_probe,47,LinearSVM,0.001,2,0.0001,11,True,8992.777619742006,0.738,0.825136612021858,0.604,0.6974595842956121,0.612384,218,32,99,151
dos_to_probe,47,NaiveBayes,0.001,2,0.0001,11,True,8992.777619742006,0.678,0.6977777777777778,0.628,0.6610526315789473,0.612352,182,68,93,157
dos_to_probe,47,KNN,0.001,2,0.0001,11,True,8992.777619742006,0.754,0.8290155440414507,0.64,0.7223476297968398,0.774144,217,33,90,160
dos_to_probe,47,CART,0.001,5,0.0001,11,True,3986.7896984264867,0.448,0.43157894736842106,0.328,0.37272727272727274,0.44800000000000006,142,108,168,82
dos_to_probe,47,RandomForest,0.001,5,0.0001,11,True,3986.7896984264867,0.61,0.6627218934911243,0.448,0.5346062052505967,0.813024,193,57,138,112
dos_to_probe,47,LinearSVM,0.001,5,0.0001,11,True,3986.7896984264867,0.75,0.8306878306878307,0.628,0.715261958997722,0.8325279999999999,218,32,93,157
dos_to_probe,47,NaiveBayes,0.001,5,0.0001,11,True,3986.7896984264867,0.698,0.632,0.948,0.7584,0.8594240000000001,112,138,13,237
dos_to_probe,47,KNN,0.001,5,0.0001,11,True,3986.7896984264867,0.716,0.7231404958677686,0.7,0.7113821138211383,0.76528,183,67,75,175
dos_to_probe,47,CART,0.001,10,0.0001,11,True,1978.1629414948343,0.582,0.6257668711656442,0.408,0.4939467312348668,0.582,189,61,148,102
dos_to_probe,47,RandomForest,0.001,10,0.0001,11,True,1978.1629414948343,0.724,0.8010752688172043,0.596,0.6834862385321101,0.779776,213,37,101,149
dos_to_probe,47,LinearSVM,0.001,10,0.0001,11,True,1978.1629414948343,0.71,0.7611940298507462,0.612,0.6784922394678492,0.8559840000000001,202,48,97,153
dos_to_probe,47,NaiveBayes,0.001,10,0.0001,11,True,1978.1629414948343,0.754,0.6953846153846154,0.904,0.7860869565217391,0.8322240000000001,151,99,24,226
dos_to_probe,47,KNN,0.001,10,0.0001,11,True,1978.1629414948343,0.69,0.7230046948356808,0.616,0.6652267818574514,0.7508319999999998,191,59,96,154
dos_to_probe,47,CART,0.001,20,0.0001,11,True,937.6800476687175,0.616,0.7196969696969697,0.38,0.4973821989528796,0.616,213,37,155,95
dos_to_probe,47,RandomForest,0.001,20,0.0001,11,True,937.6800476687175,0.66,0.696078431372549,0.568,0.6255506607929515,0.6425519999999999,188,62,108,142
dos_to_probe,47,LinearSVM,0.001,20,0.0001,11,True,937.6800476687175,0.708,0.7476190476190476,0.628,0.6826086956521739,0.859648,197,53,93,157
dos_to_probe,47,NaiveBayes,0.001,20,0.0001,11,True,937.6800476687175,0.77,0.7142857142857143,0.9,0.7964601769911505,0.81328,160,90,25,225
dos_to_probe,47,KNN,0.001,20,0.0001,11,True,937.6800476687175,0.756,0.7831858407079646,0.708,0.7436974789915967,0.75972,201,49,73,177
dos_to_probe,47,CART,0.001,30,0.0001,11,True,578.7787731210248,0.584,0.6721311475409836,0.328,0.44086021505376344,0.5840000000000001,210,40,168,82
dos_to_probe,47,RandomForest,0.001,30,0.0001,11,True,578.7787731210248,0.684,0.719047619047619,0.604,0.6565217391304348,0.6309440000000001,191,59,99,151
dos_to_probe,47,LinearSVM,0.001,30,0.0001,11,True,578.7787731210248,0.712,0.7598039215686274,0.62,0.6828193832599119,0.8520479999999999,201,49,95,155
dos_to_probe,47,NaiveBayes,0.001,30,0.0001,11,True,578.7787731210248,0.654,0.6452830188679245,0.684,0.6640776699029126,0.7403279999999999,156,94,79,171
dos_to_probe,47,KNN,0.001,30,0.0001,11,True,578.7787731210248,0.736,0.8010204081632653,0.628,0.7040358744394619,0.7487360000000001,211,39,93,157
dos_to_probe,47,CART,0.01,2,0.0001,11,True,8992.796640701994,0.736,0.8782051282051282,0.548,0.6748768472906403,0.736,231,19,113,137
dos_to_probe,47,RandomForest,0.01,2,0.0001,11,True,8992.796640701994,0.73,0.8758169934640523,0.536,0.6650124069478908,0.705424,231,19,116,134
dos_to_probe,47,LinearSVM,0.01,2,0.0001,11,True,8992.796640701994,0.738,0.825136612021858,0.604,0.6974595842956121,0.612384,218,32,99,151
dos_to_probe,47,NaiveBayes,0.01,2,0.0001,11,True,8992.796640701994,0.678,0.6977777777777778,0.628,0.6610526315789473,0.612352,182,68,93,157
dos_to_probe,47,KNN,0.01,2,0.0001,11,True,8992.796640701994,0.754,0.8290155440414507,0.64,0.7223476297968398,0.774144,217,33,90,160
dos_to_probe,47,CART,0.01,5,0.0001,11,True,3986.8621694132717,0.438,0.4213197969543147,0.332,0.3713646532438479,0.43800000000000006,136,114,167,83
dos_to_probe,47,RandomForest,0.01,5,0.0001,11,True,3986.8621694132717,0.61,0.6627218934911243,0.448,0.5346062052505967,0.8114399999999998,193,57,138,112
dos_to_probe,47,LinearSVM,0.01,5,0.0001,11,True,3986.8621694132717,0.75,0.8306878306878307,0.628,0.715261958997722,0.8325279999999999,218,32,93,157
dos_to_probe,47,NaiveBayes,0.01,5,0.0001,11,True,3986.8621694132717,0.698,0.632,0.948,0.7584,0.8594240000000001,112,138,13,237
dos_to_probe,47,KNN,0.01,5,0.0001,11,True,3986.8621694132717,0.716,0.7231404958677686,0.7,0.7113821138211383,0.76528,183,67,75,175
dos_to_probe,47,CART,0.01,10,0.0001,11,True,1978.3241513179355,0.582,0.6257668711656442,0.408,0.4939467312348668,0.582,189,61,148,102
dos_to_probe,47,RandomForest,0.01,10,0.0001,11,True,1978.3241513179355,0.724,0.8010752688172043,0.596,0.6834862385321101,0.7800159999999999,213,37,101,149
dos_to_probe,47,LinearSVM,0.01,10,0.0001,11,True,1978.3241513179355,0.71,0.7611940298507462,0.612,0.6784922394678492,0.8559840000000001,202,48,97,153
dos_to_probe,47,NaiveBayes,0.01,10,0.0001,11,True,1978.3241513179355,0.754,0.6953846153846154,0.904,0.7860869565217391,0.8322400000000001,151,99,24,226
dos_to_probe,47,KNN,0.01,10,0.0001,11,True,1978.3241513179355,0.69,0.7230046948356808,0.616,0.6652267818574514,0.7508319999999998,191,59,96,154
dos_to_probe,47,CART,0.01,20,0.0001,11,True,938.0196247325159,0.616,0.7196969696969697,0.38,0.4973821989528796,0.616,213,37,155,95
dos_to_probe,47,RandomForest,0.01,20,0.0001,11,True,938.0196247325159,0.66,0.696078431372549,0.568,0.6255506607929515,0.64252,188,62,108,142
dos_to_probe,47,LinearSVM,0.01,20,0.0001,11,True,938.0196247325159,0.708,0.7476190476190476,0.628,0.6826086956521739,0.859648,197,53,93,157
dos_to_probe,47,NaiveBayes,0.01,20,0.0001,11,True,938.0196247325159,0.77,0.7142857142857143,0.9,0.7964601769911505,0.81328,160,90,25,225
dos_to_probe,47,KNN,0.01,20,0.0001,11,True,938.0196247325159,0.756,0.7831858407079646,0.708,0.7436974789915967,0.75972,201,49,73,177
dos_to_probe,47,CART,0.01,30,0.0001,11,True,579.2971057611488,0.584,0.6721311475409836,0.328,0.44086021505376344,0.5840000000000001,210,40,168,82
dos_to_probe,47,RandomForest,0.01,30,0.0001,11,True,579.2971057611488,0.684,0.719047619047619,0.604,0.6565217391304348,0.63088,191,59,99,151
dos_to_probe,47,LinearSVM,0.01,30,0.0001,11,True,579.2971057611488,0.712,0.7598039215686274,0.62,0.6828193832599119,0.8520479999999999,201,49,95,155
dos_to_probe,47,NaiveBayes,0.01,30,0.0001,11,True,579.2971057611488,0.654,0.6452830188679245,0.684,0.6640776699029126,0.7403279999999999,156,94,79,171
dos_to_probe,47,KNN,0.01,30,0.0001,11,True,579.2971057611488,0.736,0.8010204081632653,0.628,0.7040358744394619,0.7487360000000001,211,39,93,157
dos_to_probe,47,CART,0.1,2,0.0001,11,True,8992.986844265568,0.738,0.8789808917197452,0.552,0.6781326781326781,0.7380000000000001,231,19,112,138
dos_to_probe,47,RandomForest,0.1,2,0.0001,11,True,8992.986844265568,0.73,0.8758169934640523,0.536,0.6650124069478908,0.710312,231,19,116,134
dos_to_probe,47,LinearSVM,0.1,2,0.0001,11,True,8992.986844265568,0.738,0.825136612021858,0.604,0.6974595842956121,0.612384,218,32,99,151
dos_to_probe,47,NaiveBayes,0.1,2,0.0001,11,True,8992.986844265568,0.678,0.6977777777777778,0.628,0.6610526315789473,0.612352,182,68,93,157
dos_to_probe,47,KNN,0.1,2,0.0001,11,True,8992.986844265568,0.754,0.8290155440414507,0.64,0.7223476297968398,0.774144,217,33,90,160
dos_to_probe,47,CART,0.1,5,0.0001,11,True,3987.5867985908335,0.438,0.4213197969543147,0.332,0.3713646532438479,0.43800000000000006,136,114,167,83
dos_to_probe,47,RandomForest,0.1,5,0.0001,11,True,3987.5867985908335,0.61,0.6627218934911243,0.448,0.5346062052505967,0.81332,193,57,138,112
dos_to_probe,47,LinearSVM,0.1,5,0.0001,11,True,3987.5867985908335,0.75,0.8306878306878307,0.628,0.715261958997722,0.8325279999999999,218,32,93,157
dos_to_probe,47,NaiveBayes,0.1,5,0.0001,11,True,3987.5867985908335,0.698,0.632,0.948,0.7584,0.8593439999999999,112,138,13,237
dos_to_probe,47,KNN,0.1,5,0.0001,11,True,3987.5867985908335,0.716,0.7231404958677686,0.7,0.7113821138211383,0.76528,183,67,75,175
dos_to_probe,47,CART,0.1,10,0.0001,11,True,1979.935901791677,0.582,0.6257668711656442,0.408,0.4939467312348668,0.582,189,61,148,102
dos_to_probe,47,RandomForest,0.1,10,0.0001,11,True,1979.935901791677,0.724,0.8010752688172043,0.596,0.6834862385321101,0.773304,213,37,101,149
dos_to_probe,47,LinearSVM,0.1,10,0.0001,11,True,1979.935901791677,0.71,0.7611940298507462,0.612,0.6784922394678492,0.8560000000000001,202,48,97,153
dos_to_probe,47,NaiveBayes,0.1,10,0.0001,11,True,1979.935901791677,0.754,0.6953846153846154,0.904,0.7860869565217391,0.8322560000000001,151,99,24,226
dos_to_probe,47,KNN,0.1,10,0.0001,11,True,1979.935901791677,0.69,0.7230046948356808,0.616,0.6652267818574514,0.7508319999999998,191,59,96,154
dos_to_probe,47,CART,0.1,20,0.0001,18,True,941.4138201036847,0.616,0.7196969696969697,0.38,0.4973821989528796,0.616,213,37,155,95
dos_to_probe,47,RandomForest,0.1,20,0.0001,18,True,941.4138201036847,0.668,0.7038834951456311,0.58,0.6359649122807017,0.6446799999999999,189,61,105,145
dos_to_probe,47,LinearSVM,0.1,20,0.0001,18,True,941.4138201036847,0.708,0.7476190476190476,0.628,0.6826086956521739,0.859648,197,53,93,157
dos_to_probe,47,NaiveBayes,0.1,20,0.0001,18,True,941.4138201036847,0.77,0.7142857142857143,0.9,0.7964601769911505,0.813296,160,90,25,225
dos_to_probe,47,KNN,0.1,20,0.0001,18,True,941.4138201036847,0.756,0.7831858407079646,0.708,0.7436974789915967,0.75972,201,49,73,177
dos_to_probe,47,CART,0.1,30,0.0001,103,True,584.4703982142846,0.584,0.6721311475409836,0.328,0.44086021505376344,0.5840000000000001,210,40,168,82
dos_to_probe,47,RandomForest,0.1,30,0.0001,103,True,584.4703982142846,0.694,0.7412935323383084,0.596,0.6607538802660754,0.615728,198,52,101,149
dos_to_probe,47,LinearSVM,0.1,30,0.0001,103,True,584.4703982142846,0.712,0.7598039215686274,0.62,0.6828193832599119,0.8520639999999999,201,49,95,155
dos_to_probe,47,NaiveBayes,0.1,30,0.0001,103,True,584.4703982142846,0.654,0.6452830188679245,0.684,0.6640776699029126,0.7402960000000001,156,94,79,171
dos_to_probe,47,KNN,0.1,30,0.0001,103,True,584.4703982142846,0.736,0.8010204081632653,0.628,0.7040358744394619,0.748816,211,39,93,157
dos_to_probe,47,CART,1.0,2,0.0001,11,True,8994.88827639321,0.734,0.8774193548387097,0.544,0.671604938271605,0.7340000000000001,231,19,114,136
dos_to_probe,47,RandomForest,1.0,2,0.0001,11,True,8994.88827639321,0.728,0.875,0.532,0.6616915422885572,0.7067760000000001,231,19,117,133
dos_to_probe,47,LinearSVM,1.0,2,0.0001,11,True,8994.88827639321,0.738,0.825136612021858,0.604,0.6974595842956121,0.612384,218,32,99,151
dos_to_probe,47,NaiveBayes,1.0,2,0.0001,11,True,8994.88827639321,0.678,0.6977777777777778,0.628,0.6610526315789473,0.612336,182,68,93,157
dos_to_probe,47,KNN,1.0,2,0.0001,11,True,8994.88827639321,0.752,0.828125,0.636,0.7194570135746606,0.7740640000000001,217,33,91,159
dos_to_probe,47,CART,1.0,5,0.0001,17,True,3994.8243018032863,0.438,0.4213197969543147,0.332,0.3713646532438479,0.43800000000000006,136,114,167,83
dos_to_probe,47,RandomForest,1.0,5,0.0001,17,True,3994.8243018032863,0.614,0.6706586826347305,0.448,0.5371702637889688,0.7908,195,55,138,112
dos_to_probe,47,LinearSVM,1.0,5,0.0001,17,True,3994.8243018032863,0.75,0.8306878306878307,0.628,0.715261958997722,0.832624,218,32,93,157
dos_to_probe,47,NaiveBayes,1.0,5,0.0001,17,True,3994.8243018032863,0.698,0.632,0.948,0.7584,0.859008,112,138,13,237
dos_to_probe,47,KNN,1.0,5,0.0001,17,True,3994.8243018032863,0.718,0.7242798353909465,0.704,0.7139959432048681,0.766184,183,67,74,176
dos_to_probe,47,CART,1.0,10,0.0001,59,True,1995.990604898949,0.582,0.6257668711656442,0.408,0.4939467312348668,0.582,189,61,148,102
dos_to_probe,47,RandomForest,1.0,10,0.0001,59,True,1995.990604898949,0.716,0.7934782608695652,0.584,0.6728110599078341,0.760648,212,38,104,146
dos_to_probe,47,LinearSVM,1.0,10,0.0001,59,True,1995.990604898949,0.71,0.7611940298507462,0.612,0.6784922394678492,0.8564,202,48,97,153
dos_to_probe,47,NaiveBayes,1.0,10,0.0001,59,True,1995.990604898949,0.754,0.6953846153846154,0.904,0.7860869565217391,0.8323840000000001,151,99,24,226
dos_to_probe,47,KNN,1.0,10,0.0001,59,True,1995.990604898949,0.69,0.7230046948356808,0.616,0.6652267818574514,0.749536,191,59,96,154
dos_to_probe,47,CART,1.0,20,0.0001,452,True,974.8127566374727,0.578,0.648854961832061,0.34,0.4461942257217848,0.5780000000000001,204,46,165,85
dos_to_probe,47,RandomForest,1.0,20,0.0001,452,True,974.8127566374727,0.634,0.6700507614213198,0.528,0.5906040268456376,0.654632,185,65,118,132
dos_to_probe,47,LinearSVM,1.0,20,0.0001,452,True,974.8127566374727,0.71,0.7511961722488039,0.628,0.6840958605664488,0.8607360000000001,198,52,93,157
dos_to_probe,47,NaiveBayes,1.0,20,0.0001,452,True,974.8127566374727,0.8,0.7483443708609272,0.904,0.8188405797101449,0.81716,174,76,24,226
dos_to_probe,47,KNN,1.0,20,0.0001,452,True,974.8127566374727,0.76,0.7901785714285714,0.708,0.7468354430379747,0.761288,203,47,73,177
dos_to_probe,47,CART,1.0,30,0.0001,1000,False,634.465425273626,0.442,0.42162162162162165,0.312,0.3586206896551724,0.44200000000000006,143,107,172,78
dos_to_probe,47,RandomForest,1.0,30,0.0001,1000,False,634.465425273626,0.68,0.7184466019417476,0.592,0.6491228070175439,0.6197840000000001,192,58,102,148
dos_to_probe,47,LinearSVM,1.0,30,0.0001,1000,False,634.465425273626,0.708,0.7549019607843137,0.616,0.6784140969162996,0.8550239999999999,200,50,96,154
dos_to_probe,47,NaiveBayes,1.0,30,0.0001,1000,False,634.465425273626,0.662,0.6551724137931034,0.684,0.6692759295499021,0.7458800000000001,160,90,79,171
dos_to_probe,47,KNN,1.0,30,0.0001,1000,False,634.465425273626,0.732,0.7929292929292929,0.628,0.7008928571428571,0.7559839999999999,209,41,93,157
dos_to_probe,47,CART,10.0,2,0.0001,13,True,9013.841021577158,0.734,0.8774193548387097,0.544,0.671604938271605,0.7340000000000001,231,19,114,136
dos_to_probe,47,RandomForest,10.0,2,0.0001,13,True,9013.841021577158,0.73,0.8758169934640523,0.536,0.6650124069478908,0.70652,231,19,116,134
dos_to_probe,47,LinearSVM,10.0,2,0.0001,13,True,9013.841021577158,0.738,0.825136612021858,0.604,0.6974595842956121,0.612304,218,32,99,151
dos_to_probe,47,NaiveBayes,10.0,2,0.0001,13,True,9013.841021577158,0.68,0.7008928571428571,0.628,0.6624472573839663,0.61224,183,67,93,157
dos_to_probe,47,KNN,10.0,2,0.0001,13,True,9013.841021577158,0.752,0.8315789473684211,0.632,0.7181818181818181,0.772896,218,32,92,158
dos_to_probe,47,CART,10.0,5,0.0001,1000,False,4065.5293831902295,0.572,0.7093023255813954,0.244,0.3630952380952381,0.572,225,25,189,61
dos_to_probe,47,RandomForest,10.0,5,0.0001,1000,False,4065.5293831902295,0.682,0.8321167883211679,0.456,0.5891472868217055,0.8939600000000001,227,23,136,114
dos_to_probe,47,LinearSVM,10.0,5,0.0001,1000,False,4065.5293831902295,0.728,0.88,0.528,0.66,0.9338080000000001,232,18,118,132
dos_to_probe,47,NaiveBayes,10.0,5,0.0001,1000,False,4065.5293831902295,0.832,0.8842592592592593,0.764,0.8197424892703863,0.8044319999999999,225,25,59,191
dos_to_probe,47,KNN,10.0,5,0.0001,1000,False,4065.5293831902295,0.836,0.8157894736842105,0.868,0.8410852713178295,0.8584559999999999,201,49,33,217
dos_to_probe,47,CART,10.0,10,0.0001,1000,False,2148.6325287523255,0.608,0.75,0.324,0.45251396648044695,0.608,223,27,169,81
dos_to_probe,47,RandomForest,10.0,10,0.0001,1000,False,2148.6325287523255,0.58,0.6298701298701299,0.388,0.4801980198019802,0.77716,193,57,153,97
dos_to_probe,47,LinearSVM,10.0,10,0.0001,1000,False,2148.6325287523255,0.746,0.8514285714285714,0.596,0.7011764705882353,0.8947999999999999,224,26,101,149
dos_to_probe,47,NaiveBayes,10.0,10,0.0001,1000,False,2148.6325287523255,0.598,0.5890909090909091,0.648,0.6171428571428571,0.672512,137,113,88,162
dos_to_probe,47,KNN,10.0,10,0.0001,1000,False,2148.6325287523255,0.74,0.7307692307692307,0.76,0.7450980392156863,0.7713039999999999,180,70,60,190
dos_to_probe,47,CART,10.0,20,0.0001,1000,False,1259.1477327172552,0.558,0.6,0.348,0.44050632911392407,0.5579999999999999,192,58,163,87
dos_to_probe,47,RandomForest,10.0,20,0.0001,1000,False,1259.1477327172552,0.624,0.6519607843137255,0.532,0.5859030837004405,0.65088,179,71,117,133
dos_to_probe,47,LinearSVM,10.0,20,0.0001,1000,False,1259.1477327172552,0.686,0.7360406091370558,0.58,0.6487695749440716,0.8599680000000001,198,52,105,145
dos_to_probe,47,NaiveBayes,10.0,20,0.0001,1000,False,1259.1477327172552,0.67,0.6568265682656826,0.712,0.6833013435700576,0.688616,157,93,72,178
dos_to_probe,47,KNN,10.0,20,0.0001,1000,False,1259.1477327172552,0.79,0.8085106382978723,0.76,0.7835051546391752,0.8635359999999999,205,45,60,190
dos_to_probe,47,CART,10.0,30,0.0001,1000,False,1003.2979326741573,0.642,0.6839378238341969,0.528,0.5959367945823928,0.642,189,61,118,132
dos_to_probe,47,RandomForest,10.0,30,0.0001,1000,False,1003.2979326741573,0.622,0.6445497630331753,0.544,0.5900216919739696,0.7239439999999999,175,75,114,136
dos_to_probe,47,LinearSVM,10.0,30,0.0001,1000,False,1003.2979326741573,0.692,0.7474226804123711,0.58,0.6531531531531531,0.850576,201,49,105,145
dos_to_probe,47,NaiveBayes,10.0,30,0.0001,1000,False,1003.2979326741573,0.63,0.6497695852534562,0.564,0.6038543897216274,0.6975439999999999,174,76,109,141
dos_to_probe,47,KNN,10.0,30,0.0001,1000,False,1003.2979326741573,0.776,0.8194444444444444,0.708,0.759656652360515,0.8346079999999999,211,39,73,177
dos_to_probe,47,CART,100.0,2,0.0001,121,True,9196.29809030096,0.724,0.8835616438356164,0.516,0.6515151515151515,0.724,233,17,121,129
dos_to_probe,47,RandomForest,100.0,2,0.0001,121,True,9196.29809030096,0.72,0.8819444444444444,0.508,0.6446700507614214,0.786672,233,17,123,127
dos_to_probe,47,LinearSVM,100.0,2,0.0001,121,True,9196.29809030096,0.74,0.8488372093023255,0.584,0.6919431279620853,0.6123520000000001,224,26,104,146
dos_to_probe,47,NaiveBayes,100.0,2,0.0001,121,True,9196.29809030096,0.706,0.748792270531401,0.62,0.6783369803063457,0.6162080000000001,198,52,95,155
dos_to_probe,47,KNN,100.0,2,0.0001,121,True,9196.29809030096,0.73,0.8323699421965318,0.576,0.6808510638297872,0.7700880000000001,221,29,106,144
dos_to_probe,47,CART,100.0,5,0.0001,1000,False,4672.2147178018595,0.704,0.7361111111111112,0.636,0.6824034334763949,0.7040000000000001,193,57,91,159
dos_to_probe,47,RandomForest,100.0,5,0.0001,1000,False,4672.2147178018595,0.566,0.5608856088560885,0.608,0.5834932821497121,0.64524,131,119,98,152
dos_to_probe,47,LinearSVM,100.0,5,0.0001,1000,False,4672.2147178018595,0.808,0.8969072164948454,0.696,0.7837837837837838,0.7767999999999999,230,20,76,174
dos_to_probe,47,NaiveBayes,100.0,5,0.0001,1000,False,4672.2147178018595,0.752,0.8795180722891566,0.584,0.7019230769230769,0.6857920000000001,230,20,104,146
dos_to_probe,47,KNN,100.0,5,0.0001,1000,False,4672.2147178018595,0.672,0.6954545454545454,0.612,0.6510638297872341,0.699368,183,67,97,153
dos_to_probe,47,CART,100.0,10,0.0001,1000,False,3114.529623465281,0.454,0.4474885844748858,0.392,0.417910447761194,0.454,129,121,152,98
dos_to_probe,47,RandomForest,100.0,10,0.0001,1000,False,3114.529623465281,0.452,0.44,0.352,0.39111111111111113,0.46360799999999996,138,112,162,88
dos_to_probe,47,LinearSVM,100.0,10,0.0001,1000,False,3114.529623465281,0.452,0.4548872180451128,0.484,0.4689922480620155,0.4287519999999999,105,145,129,121
dos_to_probe,47,NaiveBayes,100.0,10,0.0001,1000,False,3114.529623465281,0.436,0.4215686274509804,0.344,0.3788546255506608,0.42952,132,118,164,86
dos_to_probe,47,KNN,100.0,10,0.0001,1000,False,3114.529623465281,0.476,0.47674418604651164,0.492,0.484251968503937,0.45681600000000006,115,135,127,123
dos_to_probe,47,CART,100.0,20,0.0001,1000,False,1837.045875125649,0.488,0.4889705882352941,0.532,0.5095785440613027,0.488,111,139,117,133
dos_to_probe,47,RandomForest,100.0,20,0.0001,1000,False,1837.045875125649,0.482,0.4823529411764706,0.492,0.4871287128712871,0.48849599999999993,118,132,127,123
dos_to_probe,47,LinearSVM,100.0,20,0.0001,1000,False,1837.045875125649,0.484,0.4846153846153846,0.504,0.49411764705882355,0.48428799999999994,116,134,124,126
dos_to_probe,47,NaiveBayes,100.0,20,0.0001,1000,False,1837.045875125649,0.444,0.4435483870967742,0.44,0.44176706827309237,0.444592,112,138,140,110
dos_to_probe,47,KNN,100.0,20,0.0001,1000,False,1837.045875125649,0.488,0.48846153846153845,0.508,0.4980392156862745,0.47805600000000004,117,133,123,127
dos_to_probe,47,CART,100.0,30,0.0001,1000,False,1268.5700985899211,0.482,0.4826254826254826,0.5,0.4911591355599214,0.482,116,134,125,125
dos_to_probe,47,RandomForest,100.0,30,0.0001,1000,False,1268.5700985899211,0.492,0.49224806201550386,0.508,0.5,0.47098399999999996,119,131,123,127
dos_to_probe,47,LinearSVM,100.0,30,0.0001,1000,False,1268.5700985899211,0.484,0.484251968503937,0.492,0.4880952380952381,0.49608,119,131,127,123
dos_to_probe,47,NaiveBayes,100.0,30,0.0001,1000,False,1268.5700985899211,0.49,0.4898785425101215,0.484,0.4869215291750503,0.47598399999999996,124,126,129,121
dos_to_probe,47,KNN,100.0,30,0.0001,1000,False,1268.5700985899211,0.486,0.48627450980392156,0.496,0.4910891089108911,0.464904,119,131,126,124
