task,classifier,beta,latent_dimension,selection_count
dos_to_r2l,CART,1.0,2,1
dos_to_r2l,RandomForest,0.1,30,1
dos_to_r2l,LinearSVM,10.0,2,1
dos_to_r2l,NaiveBayes,10.0,10,2
dos_to_r2l,KNN,1.0,2,1
dos_to_r2l,CART,10.0,30,1
dos_to_r2l,RandomForest,10.0,30,1
dos_to_r2l,LinearSVM,100.0,2,4
dos_to_r2l,NaiveBayes,1.0,5,1
dos_to_r2l,KNN,10.0,5,1
dos_to_r2l,CART,1.0,10,2
dos_to_r2l,RandomForest,100.0,10,2
dos_to_r2l,LinearSVM,100.0,10,2
dos_to_r2l,NaiveBayes,100.0,5,2
dos_to_r2l,KNN,100.0,10,1
dos_to_r2l,CART,1.0,30,1
dos_to_r2l,RandomForest,1.0,2,2
dos_to_r2l,NaiveBayes,0.1,30,1
dos_to_r2l,KNN,0.001,2,2
dos_to_r2l,CART,100.0,10,1
dos_to_r2l,NaiveBayes,100.0,10,1
dos_to_r2l,KNN,100.0,5,1
dos_to_r2l,CART,100.0,5,1
dos_to_r2l,RandomForest,100.0,20,1
dos_to_r2l,LinearSVM,100.0,30,1
dos_to_r2l,NaiveBayes,100.0,20,1
dos_to_r2l,KNN,100.0,30,1
dos_to_r2l,CART,10.0,5,1
dos_to_r2l,NaiveBayes,1.0,20,1
dos_to_r2l,KNN,100.0,2,1
dos_to_r2l,CART,0.1,5,1
dos_to_r2l,RandomForest,10.0,2,1
dos_to_r2l,KNN,10.0,2,2
dos_to_r2l,CART,1.0,20,1
dos_to_r2l,RandomForest,100.0,2,1
dos_to_r2l,LinearSVM,0.001,5,1
dos_to_r2l,NaiveBayes,0.001,20,1
dos_to_r2l,RandomForest,10.0,5,1
dos_to_r2l,LinearSVM,100.0,5,1
dos_to_probe,CART,0.001,2,1
dos_to_probe,RandomForest,1.0,2,1
dos_to_probe,LinearSVM,100.0,2,1
dos_to_probe,NaiveBayes,100.0,2,2
dos_to_probe,KNN,10.0,2,2
dos_to_probe,CART,100.0,10,2
dos_to_probe,RandomForest,100.0,10,2
dos_to_probe,LinearSVM,100.0,10,3
dos_to_probe,NaiveBayes,0.001,30,2
dos_to_probe,KNN,100.0,10,3
dos_to_probe,CART,10.0,5,1
dos_to_probe,RandomForest,100.0,5,3
dos_to_probe,LinearSVM,100.0,5,4
dos_to_probe,NaiveBayes,10.0,10,1
dos_to_probe,CART,10.0,10,1
dos_to_probe,RandomForest,100.0,20,2
dos_to_probe,NaiveBayes,100.0,10,2
dos_to_probe,KNN,100.0,20,2
dos_to_probe,CART,100.0,5,3
dos_to_probe,RandomForest,0.01,10,1
dos_to_probe,NaiveBayes,10.0,5,2
dos_to_probe,KNN,10.0,5,1
dos_to_probe,CART,100.0,20,1
dos_to_probe,LinearSVM,100.0,30,1
dos_to_probe,NaiveBayes,0.01,30,1
dos_to_probe,CART,100.0,2,1
dos_to_probe,RandomForest,0.1,10,1
dos_to_probe,LinearSVM,1.0,5,1
dos_to_probe,KNN,10.0,10,1
dos_to_probe,KNN,100.0,5,1
probe_to_r2l,CART,1.0,30,3
probe_to_r2l,RandomForest,10.0,10,3
probe_to_r2l,LinearSVM,100.0,20,2
probe_to_r2l,NaiveBayes,0.1,5,1
probe_to_r2l,KNN,0.001,20,1
probe_to_r2l,CART,10.0,10,2
probe_to_r2l,RandomForest,100.0,20,1
probe_to_r2l,LinearSVM,100.0,30,3
probe_to_r2l,NaiveBayes,0.001,2,2
probe_to_r2l,KNN,1.0,2,1
probe_to_r2l,LinearSVM,1.0,5,1
probe_to_r2l,NaiveBayes,10.0,5,3
probe_to_r2l,KNN,0.001,10,1
probe_to_r2l,CART,0.001,2,1
probe_to_r2l,RandomForest,0.1,2,1
probe_to_r2l,KNN,100.0,2,2
probe_to_r2l,RandomForest,10.0,20,1
probe_to_r2l,LinearSVM,10.0,5,1
probe_to_r2l,KNN,10.0,10,1
probe_to_r2l,CART,10.0,5,1
probe_to_r2l,RandomForest,10.0,30,1
probe_to_r2l,NaiveBayes,1.0,5,1
probe_to_r2l,KNN,1.0,5,1
probe_to_r2l,CART,1.0,2,1
probe_to_r2l,RandomForest,100.0,2,2
probe_to_r2l,NaiveBayes,0.01,2,1
probe_to_r2l,KNN,10.0,2,1
probe_to_r2l,CART,1.0,20,1
probe_to_r2l,RandomForest,0.1,20,1
probe_to_r2l,LinearSVM,100.0,10,1
probe_to_r2l,NaiveBayes,0.001,5,1
probe_to_r2l,KNN,1.0,10,1
probe_to_r2l,LinearSVM,0.001,5,1
probe_to_r2l,KNN,0.001,5,1
probe_to_r2l,CART,100.0,2,1
probe_to_r2l,LinearSVM,0.1,2,1
probe_to_r2l,NaiveBayes,100.0,2,1
