task,seed,approach,classifier,beta,latent_dimension,learning_rate,selection_metric,validation_f1,validation_accuracy,steps_run,converged,final_loss,accuracy,precision,recall,f1,roc_auc,tn,fp,fn,tp
dos_to_r2l,42,HeTL,CART,1.0,2,0.0001,target_validation_f1,0.7547974413646056,0.77,11,True,7529.7627414304125,0.748993288590604,0.7930489731437599,0.6738255033557047,0.7285921625544267,0.7489932885906041,614,131,243,502
dos_to_r2l,42,HeTL,RandomForest,0.1,30,0.0001,target_validation_f1,0.7645788336933045,0.782,157,True,499.0970207912496,0.7395973154362416,0.7865168539325843,0.6577181208053692,0.716374269005848,0.8169010404936715,612,133,255,490
dos_to_r2l,42,HeTL,LinearSVM,10.0,2,0.0001,target_validation_f1,0.7645788336933045,0.782,17,True,7548.282589456586,0.7604026845637584,0.8180327868852459,0.6697986577181209,0.7365313653136532,0.6639845052024683,634,111,246,499
dos_to_r2l,42,HeTL,NaiveBayes,10.0,10,0.0001,target_validation_f1,0.7702479338842976,0.722,1000,False,1756.908631756289,0.6677852348993288,0.6172607879924953,0.8832214765100671,0.7266703478741027,0.7507139318048736,337,408,87,658
dos_to_r2l,42,HeTL,KNN,1.0,2,0.0001,target_validation_f1,0.756043956043956,0.778,11,True,7529.7627414304125,0.7563758389261745,0.8215488215488216,0.6550335570469799,0.7289021657953697,0.7366469978829782,639,106,257,488
dos_to_r2l,43,HeTL,CART,10.0,30,0.0001,target_validation_f1,0.7909836065573771,0.796,1000,False,928.2130061917413,0.7697986577181208,0.7768595041322314,0.7570469798657719,0.7668252889191026,0.7697986577181208,583,162,181,564
dos_to_r2l,43,HeTL,RandomForest,10.0,30,0.0001,target_validation_f1,0.7819253438113949,0.778,1000,False,928.2130061917413,0.7812080536912752,0.7797062750333779,0.7838926174496644,0.7817938420348058,0.8729940092788613,580,165,161,584
dos_to_r2l,43,HeTL,LinearSVM,100.0,2,0.0001,target_validation_f1,0.7685589519650655,0.788,49,True,7698.174029085038,0.7463087248322148,0.7898894154818326,0.6711409395973155,0.7256894049346879,0.6655105625872709,612,133,245,500
dos_to_r2l,43,HeTL,NaiveBayes,1.0,5,0.0001,target_validation_f1,0.8217636022514071,0.81,18,True,3148.1497210999282,0.7832214765100671,0.747072599531616,0.8563758389261745,0.7979987492182614,0.8524733120129725,529,216,107,638
dos_to_r2l,43,HeTL,KNN,10.0,5,0.0001,target_validation_f1,0.7688984881209503,0.786,943,True,3221.0216702200414,0.7644295302013423,0.8068535825545171,0.6953020134228188,0.7469358327325162,0.8233403900725194,621,124,227,518
dos_to_r2l,44,HeTL,CART,1.0,10,0.0001,target_validation_f1,0.6799431009957326,0.55,89,True,1577.0292782495542,0.5610738255033557,0.5343915343915344,0.9489932885906041,0.683752417794971,0.5610738255033557,129,616,38,707
dos_to_r2l,44,HeTL,RandomForest,100.0,10,0.0001,target_validation_f1,0.5336134453781513,0.556,1000,False,2542.0796230441238,0.5778523489932886,0.590625,0.5073825503355704,0.5458483754512635,0.5570190531958021,483,262,367,378
dos_to_r2l,44,HeTL,LinearSVM,100.0,10,0.0001,target_validation_f1,0.532803180914513,0.53,1000,False,2542.0796230441238,0.5335570469798657,0.5332446808510638,0.538255033557047,0.5357381429525718,0.5427683437682987,394,351,344,401
dos_to_r2l,44,HeTL,NaiveBayes,100.0,5,0.0001,target_validation_f1,0.8523985239852399,0.84,1000,False,3678.8023837127457,0.8214765100671141,0.7724687144482366,0.9114093959731544,0.8362068965517241,0.8381694518264944,545,200,66,679
dos_to_r2l,44,HeTL,KNN,100.0,10,0.0001,target_validation_f1,0.5497076023391813,0.538,1000,False,2542.0796230441238,0.5469798657718121,0.5455729166666666,0.5624161073825503,0.5538664904163912,0.5582487275347957,396,349,326,419
dos_to_r2l,45,HeTL,CART,1.0,30,0.0001,target_validation_f1,0.7714285714285715,0.776,1000,False,535.7658410776535,0.7369127516778523,0.750354609929078,0.7100671140939597,0.7296551724137931,0.7369127516778523,569,176,216,529
dos_to_r2l,45,HeTL,RandomForest,1.0,2,0.0001,target_validation_f1,0.7479338842975206,0.756,11,True,7326.91005313074,0.7355704697986577,0.7671232876712328,0.676510067114094,0.7189728958630528,0.7359857664069187,592,153,241,504
dos_to_r2l,45,HeTL,LinearSVM,100.0,2,0.0001,target_validation_f1,0.7688984881209503,0.786,90,True,7525.7601444482425,0.761744966442953,0.8217821782178217,0.6684563758389261,0.7372316802368616,0.6646511418404576,637,108,247,498
dos_to_r2l,45,HeTL,NaiveBayes,0.1,30,0.0001,target_validation_f1,0.6873857404021938,0.658,161,True,485.8151224873084,0.6610738255033557,0.6456310679611651,0.7140939597315437,0.6781389420012747,0.6912039998198279,453,292,213,532
dos_to_r2l,45,HeTL,KNN,0.001,2,0.0001,target_validation_f1,0.7583333333333333,0.768,11,True,7324.799500026002,0.7503355704697987,0.7882534775888718,0.6845637583892618,0.7327586206896551,0.7528606819512634,608,137,235,510
dos_to_r2l,46,HeTL,CART,100.0,10,0.0001,target_validation_f1,0.7901234567901234,0.796,1000,False,2625.485898570881,0.7865771812080536,0.7928669410150891,0.7758389261744967,0.7842605156037992,0.7865771812080538,594,151,167,578
dos_to_r2l,46,HeTL,RandomForest,100.0,10,0.0001,target_validation_f1,0.8330058939096268,0.83,1000,False,2625.485898570881,0.8328859060402685,0.8187660668380463,0.8550335570469799,0.8365068942875903,0.9133561551281474,604,141,108,637
dos_to_r2l,46,HeTL,LinearSVM,100.0,10,0.0001,target_validation_f1,0.8022388059701493,0.788,1000,False,2625.485898570881,0.8080536912751678,0.7748502994011977,0.8684563758389262,0.8189873417721519,0.87107067249223,557,188,98,647
dos_to_r2l,46,HeTL,NaiveBayes,100.0,10,0.0001,target_validation_f1,0.8790786948176583,0.874,1000,False,2625.485898570881,0.8885906040268456,0.8697318007662835,0.9140939597315436,0.8913612565445026,0.9352011170667989,643,102,64,681
dos_to_r2l,46,HeTL,KNN,100.0,5,0.0001,target_validation_f1,0.7842323651452282,0.792,1000,False,3832.091864241909,0.8308724832214766,0.8457223001402524,0.8093959731543624,0.8271604938271605,0.8629980631503085,635,110,142,603
dos_to_r2l,47,HeTL,CART,100.0,5,0.0001,target_validation_f1,0.7368421052631579,0.74,1000,False,3806.486337498459,0.7261744966442953,0.745269286754003,0.687248322147651,0.7150837988826816,0.7261744966442953,570,175,233,512
dos_to_r2l,47,HeTL,RandomForest,100.0,20,0.0001,target_validation_f1,0.5277777777777778,0.524,1000,False,1521.600366176784,0.4798657718120805,0.4794520547945205,0.4697986577181208,0.4745762711864407,0.47117517228953654,365,380,395,350
dos_to_r2l,47,HeTL,LinearSVM,100.0,30,0.0001,target_validation_f1,0.5248508946322068,0.522,1000,False,1102.7347692622545,0.4825503355704698,0.48214285714285715,0.47114093959731546,0.47657841140529533,0.48273140849511287,368,377,394,351
dos_to_r2l,47,HeTL,NaiveBayes,100.0,20,0.0001,target_validation_f1,0.525,0.544,1000,False,1521.600366176784,0.5013422818791946,0.501466275659824,0.4590604026845638,0.4793272599859846,0.5096797441556686,405,340,403,342
dos_to_r2l,47,HeTL,KNN,100.0,30,0.0001,target_validation_f1,0.5330739299610895,0.52,1000,False,1102.7347692622545,0.4771812080536913,0.47733333333333333,0.48053691275167787,0.4789297658862876,0.47575604702490876,353,392,387,358
dos_to_r2l,48,HeTL,CART,10.0,5,0.0001,target_validation_f1,0.8998178506375227,0.89,661,True,3210.0930908712844,0.8986577181208054,0.8359728506787331,0.9919463087248322,0.907305095150399,0.8986577181208054,600,145,6,739
dos_to_r2l,48,HeTL,RandomForest,1.0,2,0.0001,target_validation_f1,0.7635574837310195,0.782,11,True,7352.330551950207,0.7536912751677852,0.8088235294117647,0.6644295302013423,0.7295504789977892,0.6952605738480249,628,117,250,495
dos_to_r2l,48,HeTL,LinearSVM,100.0,2,0.0001,target_validation_f1,0.7580299785867237,0.774,71,True,7542.373883386933,0.7476510067114094,0.7933227344992051,0.6697986577181209,0.7263464337700145,0.6621197243367416,615,130,246,499
dos_to_r2l,48,HeTL,NaiveBayes,1.0,20,0.0001,target_validation_f1,0.7159663865546219,0.662,1000,False,862.677821775133,0.6966442953020134,0.6410009624639076,0.8939597315436242,0.7466367713004485,0.7531048150984191,372,373,79,666
dos_to_r2l,48,HeTL,KNN,100.0,2,0.0001,target_validation_f1,0.7450110864745011,0.77,71,True,7542.373883386933,0.7422818791946308,0.807495741056218,0.636241610738255,0.7117117117117117,0.7592919237872168,632,113,271,474
dos_to_r2l,49,HeTL,CART,0.1,5,0.0001,target_validation_f1,0.7656903765690377,0.776,11,True,3104.7110316830936,0.7697986577181208,0.7776243093922652,0.7557046979865771,0.7665078284547311,0.7697986577181207,584,161,182,563
dos_to_r2l,49,HeTL,RandomForest,10.0,2,0.0001,target_validation_f1,0.715261958997722,0.75,17,True,7233.221051403775,0.7704697986577181,0.8444444444444444,0.6630872483221476,0.7428571428571429,0.6992378721679202,654,91,251,494
dos_to_r2l,49,HeTL,LinearSVM,100.0,2,0.0001,target_validation_f1,0.7126948775055679,0.742,92,True,7407.3733260722975,0.7691275167785235,0.8177496038034865,0.6926174496644295,0.75,0.6852448087923968,630,115,229,516
dos_to_r2l,49,HeTL,NaiveBayes,10.0,10,0.0001,target_validation_f1,0.7530647985989493,0.718,1000,False,1810.5983332170704,0.7114093959731543,0.6551724137931034,0.8926174496644296,0.7556818181818182,0.7817278500968424,395,350,80,665
dos_to_r2l,49,HeTL,KNN,10.0,2,0.0001,target_validation_f1,0.7085201793721974,0.74,17,True,7233.221051403775,0.7557046979865771,0.8048,0.6751677852348993,0.7343065693430657,0.7526030358992838,623,122,242,503
dos_to_r2l,50,HeTL,CART,1.0,20,0.0001,target_validation_f1,0.7817047817047817,0.79,1000,False,856.7422185288494,0.7369127516778523,0.7788309636650869,0.661744966442953,0.7155297532656023,0.7369127516778524,605,140,252,493
dos_to_r2l,50,HeTL,RandomForest,100.0,2,0.0001,target_validation_f1,0.7640918580375783,0.774,76,True,7448.100933329791,0.7302013422818792,0.7692307692307693,0.6577181208053692,0.7091172214182344,0.709896851493176,598,147,255,490
dos_to_r2l,50,HeTL,LinearSVM,0.001,5,0.0001,target_validation_f1,0.7846481876332623,0.798,11,True,3135.2164103554746,0.7624161073825504,0.8296795952782462,0.6604026845637584,0.7354260089686099,0.7032638169451826,644,101,253,492
dos_to_r2l,50,HeTL,NaiveBayes,0.001,20,0.0001,target_validation_f1,0.7697478991596639,0.726,11,True,819.4176276087769,0.7214765100671141,0.6583493282149712,0.9208053691275168,0.7677672076105204,0.7749858114499346,389,356,59,686
dos_to_r2l,50,HeTL,KNN,0.001,2,0.0001,target_validation_f1,0.772823779193206,0.786,11,True,7258.108921905111,0.7476510067114094,0.8132427843803056,0.6429530201342282,0.7181409295352323,0.7317598306382596,635,110,266,479
dos_to_r2l,51,HeTL,CART,1.0,10,0.0001,target_validation_f1,0.8492201039861352,0.826,87,True,1599.5775565015595,0.8194630872483222,0.7423625254582484,0.978523489932886,0.8442385639837869,0.8194630872483222,492,253,16,729
dos_to_r2l,51,HeTL,RandomForest,10.0,5,0.0001,target_validation_f1,0.7552742616033755,0.768,455,True,3125.34526072708,0.7449664429530202,0.7856025039123631,0.6738255033557047,0.7254335260115607,0.8872582316111887,608,137,243,502
dos_to_r2l,51,HeTL,LinearSVM,100.0,5,0.0001,target_validation_f1,0.824,0.824,1000,False,3734.64418518819,0.8335570469798658,0.8256880733944955,0.8456375838926175,0.8355437665782494,0.9175424530426557,612,133,115,630
dos_to_r2l,51,HeTL,NaiveBayes,100.0,5,0.0001,target_validation_f1,0.8588007736943907,0.854,1000,False,3734.64418518819,0.8758389261744967,0.845679012345679,0.9194630872483222,0.8810289389067524,0.907227602360254,620,125,60,685
dos_to_r2l,51,HeTL,KNN,10.0,2,0.0001,target_validation_f1,0.7590618336886994,0.774,17,True,7304.034131313463,0.7557046979865771,0.8117839607201309,0.6657718120805369,0.7315634218289085,0.737358677537048,630,115,249,496
dos_to_probe,42,HeTL,CART,0.001,2,0.0001,target_validation_f1,0.75,0.784,11,True,9203.022563587274,0.7563758389261745,0.8447653429602888,0.6281879194630873,0.7205542725173211,0.7563758389261744,659,86,277,468
dos_to_probe,42,HeTL,RandomForest,1.0,2,0.0001,target_validation_f1,0.7511520737327189,0.784,11,True,9205.188226448254,0.7597315436241611,0.8524590163934426,0.6281879194630873,0.723338485316847,0.7053294896626279,664,81,277,468
dos_to_probe,42,HeTL,LinearSVM,100.0,2,0.0001,target_validation_f1,0.7452830188679245,0.784,132,True,9411.297391108945,0.7711409395973154,0.8869731800766284,0.6214765100671141,0.7308602999210734,0.6556641592721049,686,59,282,463
dos_to_probe,42,HeTL,NaiveBayes,100.0,2,0.0001,target_validation_f1,0.715203426124197,0.734,132,True,9411.297391108945,0.7302013422818792,0.7779578606158833,0.6442953020134228,0.7048458149779736,0.6972911130129273,608,137,265,480
dos_to_probe,42,HeTL,KNN,10.0,2,0.0001,target_validation_f1,0.7522935779816514,0.784,27,True,9224.621059486568,0.7563758389261745,0.8435251798561151,0.6295302013422819,0.7209838585703305,0.771932795820008,658,87,276,469
dos_to_probe,43,HeTL,CART,100.0,10,0.0001,target_validation_f1,0.6441281138790036,0.6,1000,False,3195.9348496801613,0.5926174496644295,0.5735607675906184,0.7221476510067114,0.6393345216874629,0.5926174496644295,345,400,207,538
dos_to_probe,43,HeTL,RandomForest,100.0,10,0.0001,target_validation_f1,0.5746606334841629,0.624,1000,False,3195.9348496801613,0.5751677852348993,0.5949152542372881,0.47114093959731546,0.5258426966292135,0.5798783838565831,506,239,394,351
dos_to_probe,43,HeTL,LinearSVM,100.0,10,0.0001,target_validation_f1,0.6031746031746031,0.6,1000,False,3195.9348496801613,0.5771812080536913,0.5717852684144819,0.614765100671141,0.592496765847348,0.5614449799558578,402,343,287,458
dos_to_probe,43,HeTL,NaiveBayes,0.001,30,0.0001,target_validation_f1,0.5114854517611026,0.362,11,True,585.8159982953104,0.33422818791946307,0.3930735930735931,0.6093959731543624,0.47789473684210526,0.43136795639836045,44,701,291,454
dos_to_probe,43,HeTL,KNN,100.0,10,0.0001,target_validation_f1,0.5859375,0.576,1000,False,3195.9348496801613,0.5644295302013422,0.5610687022900763,0.5919463087248322,0.5760940561724364,0.534547092473312,400,345,304,441
dos_to_probe,44,HeTL,CART,10.0,5,0.0001,target_validation_f1,0.8413547237076648,0.822,263,True,4053.767204866089,0.836241610738255,0.7902665121668598,0.9154362416107382,0.8482587064676617,0.8362416107382551,564,181,63,682
dos_to_probe,44,HeTL,RandomForest,100.0,5,0.0001,target_validation_f1,0.8783505154639175,0.882,1000,False,4665.406758762783,0.8812080536912752,0.9396284829721362,0.8147651006711409,0.8727534148094895,0.9178676636187559,706,39,138,607
dos_to_probe,44,HeTL,LinearSVM,100.0,5,0.0001,target_validation_f1,0.8843813387423936,0.886,1000,False,4665.406758762783,0.8845637583892617,0.9231905465288035,0.8389261744966443,0.8790436005625879,0.9563731363452097,693,52,120,625
dos_to_probe,44,HeTL,NaiveBayes,10.0,10,0.0001,target_validation_f1,0.8576779026217228,0.848,1000,False,2142.8370844677806,0.8389261744966443,0.8128872366790583,0.8805369127516779,0.845360824742268,0.8459934237196524,594,151,89,656
dos_to_probe,44,HeTL,KNN,10.0,2,0.0001,target_validation_f1,0.7093821510297483,0.746,13,True,8890.984005010514,0.7570469798657719,0.8661567877629063,0.6080536912751678,0.7145110410094637,0.6849583352101256,675,70,292,453
dos_to_probe,45,HeTL,CART,10.0,10,0.0001,target_validation_f1,0.6258890469416786,0.474,1000,False,2126.261850684898,0.46241610738255035,0.4793205317577548,0.8711409395973154,0.6183897093854216,0.46241610738255035,40,705,96,649
dos_to_probe,45,HeTL,RandomForest,100.0,20,0.0001,target_validation_f1,0.5379876796714579,0.55,1000,False,1835.5759502378498,0.5194630872483221,0.5199449793672627,0.5073825503355704,0.5135869565217391,0.5420242331426512,396,349,367,378
dos_to_probe,45,HeTL,LinearSVM,100.0,10,0.0001,target_validation_f1,0.723404255319149,0.714,1000,False,3115.6994035043804,0.6771812080536913,0.6605839416058394,0.7288590604026846,0.6930440331844289,0.7189441917030766,466,279,202,543
dos_to_probe,45,HeTL,NaiveBayes,100.0,10,0.0001,target_validation_f1,0.6083499005964215,0.606,1000,False,3115.6994035043804,0.5651006711409396,0.5644090305444888,0.5704697986577181,0.5674232309746329,0.5667726678978424,417,328,320,425
dos_to_probe,45,HeTL,KNN,100.0,20,0.0001,target_validation_f1,0.5418326693227091,0.54,1000,False,1835.5759502378498,0.5134228187919463,0.5133689839572193,0.5154362416107383,0.5144005358338914,0.5166965452006667,381,364,361,384
dos_to_probe,46,HeTL,CART,100.0,5,0.0001,target_validation_f1,0.5214007782101168,0.508,1000,False,4796.236511314801,0.5241610738255034,0.5216867469879518,0.5812080536912752,0.5498412698412698,0.5241610738255034,348,397,312,433
dos_to_probe,46,HeTL,RandomForest,100.0,5,0.0001,target_validation_f1,0.5529953917050692,0.612,1000,False,4796.236511314801,0.6322147651006711,0.6755793226381461,0.508724832214765,0.5803981623277182,0.5498427998738796,563,182,366,379
dos_to_probe,46,HeTL,LinearSVM,100.0,5,0.0001,target_validation_f1,0.5429864253393665,0.596,1000,False,4796.236511314801,0.6080536912751678,0.6343906510851419,0.5100671140939598,0.5654761904761905,0.45693797576685735,526,219,365,380
dos_to_probe,46,HeTL,NaiveBayes,0.001,30,0.0001,target_validation_f1,0.5527488855869243,0.398,11,True,593.4750123343225,0.4033557046979866,0.4410801963993453,0.723489932885906,0.5480427046263345,0.5132120174766903,62,683,206,539
dos_to_probe,46,HeTL,KNN,100.0,10,0.0001,target_validation_f1,0.5435684647302904,0.56,1000,False,3214.256490612838,0.536241610738255,0.538135593220339,0.5114093959731544,0.5244322092222987,0.5102815188505023,418,327,364,381
dos_to_probe,47,HeTL,CART,100.0,5,0.0001,target_validation_f1,0.6824034334763949,0.704,1000,False,4672.2147178018595,0.7127516778523489,0.7405159332321699,0.6550335570469799,0.6951566951566952,0.7127516778523489,574,171,257,488
dos_to_probe,47,HeTL,RandomForest,0.01,10,0.0001,target_validation_f1,0.6834862385321101,0.724,11,True,1978.3241513179355,0.6939597315436241,0.7575757575757576,0.5704697986577181,0.6508422664624809,0.7394811044547542,609,136,320,425
dos_to_probe,47,HeTL,LinearSVM,100.0,5,0.0001,target_validation_f1,0.7837837837837838,0.808,1000,False,4672.2147178018595,0.7932885906040269,0.8529886914378029,0.7087248322147651,0.7741935483870968,0.7647313184090807,654,91,217,528
dos_to_probe,47,HeTL,NaiveBayes,10.0,5,0.0001,target_validation_f1,0.8197424892703863,0.832,1000,False,4065.5293831902295,0.823489932885906,0.8730650154798761,0.7570469798657719,0.8109273903666427,0.8002918787442007,663,82,181,564
dos_to_probe,47,HeTL,KNN,10.0,5,0.0001,target_validation_f1,0.8410852713178295,0.836,1000,False,4065.5293831902295,0.7993288590604026,0.7719512195121951,0.8496644295302014,0.8089456869009585,0.8574325480834197,558,187,112,633
dos_to_probe,48,HeTL,CART,100.0,20,0.0001,target_validation_f1,0.5634920634920635,0.56,1000,False,1875.7193596173875,0.5067114093959731,0.5069444444444444,0.4899328859060403,0.49829351535836175,0.5067114093959733,390,355,380,365
dos_to_probe,48,HeTL,RandomForest,100.0,20,0.0001,target_validation_f1,0.5582329317269076,0.56,1000,False,1875.7193596173875,0.49395973154362416,0.493844049247606,0.48456375838926175,0.489159891598916,0.4859303634971398,375,370,384,361
dos_to_probe,48,HeTL,LinearSVM,100.0,30,0.0001,target_validation_f1,0.5645161290322581,0.568,1000,False,1282.9869184038344,0.4879194630872483,0.4876712328767123,0.4778523489932886,0.48271186440677966,0.4859654970496824,371,374,389,356
dos_to_probe,48,HeTL,NaiveBayes,0.01,30,0.0001,target_validation_f1,0.6325966850828729,0.468,11,True,586.0579773202682,0.46241610738255035,0.48005698005698005,0.9046979865771813,0.6272684969753374,0.48929057249673436,15,730,71,674
dos_to_probe,48,HeTL,KNN,100.0,20,0.0001,target_validation_f1,0.5657370517928287,0.564,1000,False,1875.7193596173875,0.49463087248322146,0.4946091644204852,0.49261744966442955,0.49361129791526565,0.4931921985496149,370,375,378,367
dos_to_probe,49,HeTL,CART,100.0,2,0.0001,target_validation_f1,0.7749419953596288,0.806,136,True,9074.861633556346,0.7604026845637584,0.8803921568627451,0.6026845637583893,0.7155378486055777,0.7604026845637585,684,61,296,449
dos_to_probe,49,HeTL,RandomForest,0.1,10,0.0001,target_validation_f1,0.7843137254901961,0.802,11,True,2002.114744630302,0.72751677852349,0.7839195979899497,0.6281879194630873,0.6974664679582713,0.5903598936984821,616,129,277,468
dos_to_probe,49,HeTL,LinearSVM,1.0,5,0.0001,target_validation_f1,0.7795823665893271,0.81,17,True,4020.352475683961,0.7536912751677852,0.8634615384615385,0.6026845637583893,0.7098814229249012,0.8959812621053106,674,71,296,449
dos_to_probe,49,HeTL,NaiveBayes,10.0,5,0.0001,target_validation_f1,0.7950819672131147,0.8,560,True,4091.469260134351,0.8181208053691276,0.8046272493573264,0.8402684563758389,0.8220617202889035,0.8534048015855143,593,152,119,626
dos_to_probe,49,HeTL,KNN,10.0,10,0.0001,target_validation_f1,0.8375,0.844,1000,False,2171.8079678873246,0.8523489932885906,0.854251012145749,0.8496644295302014,0.8519515477792732,0.8952038196477635,637,108,112,633
dos_to_probe,50,HeTL,CART,100.0,10,0.0001,target_validation_f1,0.6280623608017817,0.666,1000,False,3179.853616911142,0.674496644295302,0.7226027397260274,0.5664429530201343,0.6350639578630549,0.6744966442953021,583,162,323,422
dos_to_probe,50,HeTL,RandomForest,100.0,10,0.0001,target_validation_f1,0.6826086956521739,0.708,1000,False,3179.853616911142,0.6899328859060403,0.7370184254606366,0.5906040268456376,0.6557377049180327,0.7723192648979775,588,157,305,440
dos_to_probe,50,HeTL,LinearSVM,100.0,10,0.0001,target_validation_f1,0.564299424184261,0.546,1000,False,3179.853616911142,0.5335570469798657,0.5294117647058824,0.6040268456375839,0.5642633228840125,0.6340939597315436,345,400,295,450
dos_to_probe,50,HeTL,NaiveBayes,100.0,10,0.0001,target_validation_f1,0.5724381625441696,0.516,1000,False,3179.853616911142,0.49798657718120803,0.4984488107549121,0.6469798657718121,0.5630841121495327,0.6284996171343633,260,485,263,482
dos_to_probe,50,HeTL,KNN,100.0,10,0.0001,target_validation_f1,0.5685071574642127,0.578,1000,False,3179.853616911142,0.5597315436241611,0.5613793103448276,0.5463087248322148,0.5537414965986395,0.5678347822170173,427,318,338,407
dos_to_probe,51,HeTL,CART,100.0,5,0.0001,target_validation_f1,0.8846880907372401,0.878,1000,False,4679.236019740089,0.8503355704697987,0.8129496402877698,0.9100671140939597,0.8587713742875237,0.8503355704697986,589,156,67,678
dos_to_probe,51,HeTL,RandomForest,100.0,5,0.0001,target_validation_f1,0.8910505836575876,0.888,1000,False,4679.236019740089,0.8644295302013423,0.8406524466750314,0.8993288590604027,0.8690012970168612,0.9429007702355751,618,127,75,670
dos_to_probe,51,HeTL,LinearSVM,100.0,5,0.0001,target_validation_f1,0.8763102725366876,0.882,1000,False,4679.236019740089,0.8563758389261745,0.8910162002945509,0.8120805369127517,0.8497191011235955,0.9488383406152876,671,74,140,605
dos_to_probe,51,HeTL,NaiveBayes,100.0,2,0.0001,target_validation_f1,0.672645739910314,0.708,139,True,9213.245462800633,0.6946308724832215,0.7258566978193146,0.625503355704698,0.6719538572458543,0.631591369758119,569,176,279,466
dos_to_probe,51,HeTL,KNN,100.0,5,0.0001,target_validation_f1,0.8170731707317073,0.82,1000,False,4679.236019740089,0.7939597315436242,0.8137535816618912,0.7624161073825504,0.7872487872487872,0.8094365118688347,615,130,177,568
probe_to_r2l,42,HeTL,CART,1.0,30,0.0001,target_validation_f1,0.8587786259541985,0.852,1000,False,266.6295211463184,0.8442953020134228,0.8379446640316206,0.8536912751677852,0.8457446808510638,0.8442953020134228,622,123,109,636
probe_to_r2l,42,HeTL,RandomForest,10.0,10,0.0001,target_validation_f1,0.8678500986193294,0.866,1000,False,1631.339658054865,0.8449664429530201,0.8482384823848238,0.8402684563758389,0.8442346594740391,0.8846277194720958,633,112,119,626
probe_to_r2l,42,HeTL,LinearSVM,100.0,20,0.0001,target_validation_f1,0.4621513944223107,0.46,1000,False,1291.9330395016832,0.4919463087248322,0.4922879177377892,0.5140939597315436,0.5029546946815495,0.4751713886761857,350,395,362,383
probe_to_r2l,42,HeTL,NaiveBayes,0.1,5,0.0001,target_validation_f1,0.8267581475128645,0.798,11,True,3276.9662631327765,0.8161073825503355,0.7497348886532343,0.948993288590604,0.8376777251184834,0.8310580604477276,509,236,38,707
probe_to_r2l,42,HeTL,KNN,0.001,20,0.0001,target_validation_f1,0.8262548262548263,0.82,11,True,489.4789315859278,0.8261744966442953,0.813953488372093,0.8456375838926175,0.8294930875576036,0.852366109634701,601,144,115,630
probe_to_r2l,43,HeTL,CART,10.0,10,0.0001,target_validation_f1,0.5932835820895522,0.564,1000,False,1669.058574916642,0.5604026845637584,0.550561797752809,0.6577181208053692,0.599388379204893,0.5604026845637584,345,400,255,490
probe_to_r2l,43,HeTL,RandomForest,100.0,20,0.0001,target_validation_f1,0.512621359223301,0.498,1000,False,1332.9062156585906,0.48389261744966444,0.4834710743801653,0.47114093959731546,0.4772263766145479,0.4688266294311067,370,375,394,351
probe_to_r2l,43,HeTL,LinearSVM,100.0,30,0.0001,target_validation_f1,0.5067698259187621,0.49,1000,False,792.3950641199218,0.48322147651006714,0.48348745046235136,0.4912751677852349,0.4873501997336884,0.47337146975361466,354,391,379,366
probe_to_r2l,43,HeTL,NaiveBayes,0.001,2,0.0001,target_validation_f1,0.6594427244582043,0.56,11,True,8394.252912577404,0.5597315436241611,0.5375527426160338,0.8550335570469799,0.6601036269430052,0.5331579658573938,197,548,108,637
probe_to_r2l,43,HeTL,KNN,1.0,2,0.0001,target_validation_f1,0.8451242829827916,0.838,11,True,8396.27498521405,0.8442953020134228,0.8109090909090909,0.897986577181208,0.8522292993630574,0.8944885365524075,589,156,76,669
probe_to_r2l,44,HeTL,CART,1.0,30,0.0001,target_validation_f1,0.896414342629482,0.896,1000,False,269.2568370624086,0.8758389261744967,0.8664921465968587,0.8885906040268456,0.87740225314778,0.8758389261744967,643,102,83,662
probe_to_r2l,44,HeTL,RandomForest,10.0,10,0.0001,target_validation_f1,0.9053497942386831,0.908,1000,False,1623.5821792919048,0.8959731543624161,0.9108635097493036,0.8778523489932886,0.8940533151059467,0.9641718841493627,681,64,91,654
probe_to_r2l,44,HeTL,LinearSVM,1.0,5,0.0001,target_validation_f1,0.8939393939393939,0.888,18,True,3229.134232352056,0.8778523489932886,0.8412121212121212,0.9315436241610738,0.8840764331210191,0.9476419981081934,614,131,51,694
probe_to_r2l,44,HeTL,NaiveBayes,10.0,5,0.0001,target_validation_f1,0.8928571428571429,0.88,621,True,3300.686615018242,0.8731543624161073,0.8002159827213823,0.9946308724832215,0.8868940754039497,0.971797666771767,560,185,4,741
probe_to_r2l,44,HeTL,KNN,0.001,10,0.0001,target_validation_f1,0.9138576779026217,0.908,11,True,1451.7366160842223,0.9020134228187919,0.8578255675029869,0.963758389261745,0.9077117572692794,0.9414738074861493,626,119,27,718
probe_to_r2l,45,HeTL,CART,0.001,2,0.0001,target_validation_f1,0.7733333333333333,0.762,11,True,8452.00068641775,0.7812080536912752,0.7533252720677146,0.836241610738255,0.7926208651399491,0.7812080536912752,541,204,122,623
probe_to_r2l,45,HeTL,RandomForest,0.1,2,0.0001,target_validation_f1,0.8075471698113208,0.796,11,True,8452.203530043307,0.802013422818792,0.7697841726618705,0.8617449664429531,0.8131728942368588,0.8873095806495203,553,192,103,642
probe_to_r2l,45,HeTL,LinearSVM,100.0,20,0.0001,target_validation_f1,0.5039370078740157,0.496,1000,False,1277.3517387195182,0.49261744966442955,0.4929214929214929,0.5140939597315436,0.5032851511169514,0.5091446331246341,351,394,362,383
probe_to_r2l,45,HeTL,NaiveBayes,0.001,2,0.0001,target_validation_f1,0.7140695915279879,0.622,11,True,8452.00068641775,0.625503355704698,0.5763265306122449,0.9476510067114094,0.716751269035533,0.6665501553984055,226,519,39,706
probe_to_r2l,45,HeTL,KNN,100.0,2,0.0001,target_validation_f1,0.8357142857142857,0.816,111,True,8644.756916907052,0.8489932885906041,0.7947845804988662,0.9409395973154362,0.8617086662569146,0.9062934102067475,564,181,44,701
probe_to_r2l,46,HeTL,CART,10.0,10,0.0001,target_validation_f1,0.9076620825147348,0.906,1000,False,1715.4688403840073,0.9073825503355705,0.8856416772554002,0.9355704697986578,0.9099216710182768,0.9073825503355705,655,90,48,697
probe_to_r2l,46,HeTL,RandomForest,10.0,20,0.0001,target_validation_f1,0.923679060665362,0.922,1000,False,836.8094098389274,0.9268456375838926,0.9162303664921466,0.9395973154362416,0.927766732935719,0.9753939011756229,681,64,45,700
probe_to_r2l,46,HeTL,LinearSVM,10.0,5,0.0001,target_validation_f1,0.9271028037383178,0.922,1000,False,3507.203049932849,0.9020134228187919,0.8391845979614949,0.9946308724832215,0.9103194103194103,0.9735417323543986,603,142,4,741
probe_to_r2l,46,HeTL,NaiveBayes,10.0,5,0.0001,target_validation_f1,0.9216417910447762,0.916,1000,False,3507.203049932849,0.8986577181208054,0.8337078651685393,0.9959731543624161,0.9076452599388379,0.9482653934507455,597,148,3,742
probe_to_r2l,46,HeTL,KNN,10.0,10,0.0001,target_validation_f1,0.8932806324110671,0.892,1000,False,1715.4688403840073,0.9120805369127517,0.9007832898172323,0.9261744966442953,0.913302448709464,0.9528300527003288,669,76,55,690
probe_to_r2l,47,HeTL,CART,10.0,5,0.0001,target_validation_f1,0.8647619047619047,0.858,744,True,3393.6115761909364,0.8395973154362416,0.8115763546798029,0.8845637583892617,0.8464996788696211,0.8395973154362416,592,153,86,659
probe_to_r2l,47,HeTL,RandomForest,10.0,30,0.0001,target_validation_f1,0.88268156424581,0.874,1000,False,640.3526912516329,0.8489932885906041,0.8367875647668394,0.8671140939597315,0.8516809492419248,0.8918255934417368,619,126,99,646
probe_to_r2l,47,HeTL,LinearSVM,100.0,30,0.0001,target_validation_f1,0.5393700787401575,0.532,1000,False,796.7709480812072,0.48590604026845635,0.4865211810012837,0.508724832214765,0.4973753280839895,0.4750002252150804,345,400,366,379
probe_to_r2l,47,HeTL,NaiveBayes,1.0,5,0.0001,target_validation_f1,0.8285229202037352,0.798,17,True,3321.5260819238415,0.7825503355704698,0.7119838872104733,0.9489932885906041,0.8135788262370541,0.8452736363226883,459,286,38,707
probe_to_r2l,47,HeTL,KNN,1.0,5,0.0001,target_validation_f1,0.9101338432122371,0.906,17,True,3321.5260819238415,0.8865771812080537,0.8759791122715405,0.9006711409395973,0.8881535407015222,0.9178577541552183,650,95,74,671
probe_to_r2l,48,HeTL,CART,1.0,2,0.0001,target_validation_f1,0.776735459662289,0.762,11,True,8407.129522932988,0.7604026845637584,0.7194570135746606,0.8536912751677852,0.7808471454880295,0.7604026845637584,497,248,109,636
probe_to_r2l,48,HeTL,RandomForest,100.0,2,0.0001,target_validation_f1,0.672,0.672,102,True,8598.137652636262,0.7073825503355705,0.6909765142150803,0.7503355704697987,0.7194337194337195,0.7638854105670914,495,250,186,559
probe_to_r2l,48,HeTL,LinearSVM,100.0,30,0.0001,target_validation_f1,0.54296875,0.532,1000,False,818.6413984504421,0.4993288590604027,0.4993464052287582,0.512751677852349,0.5059602649006623,0.5295941624251159,362,383,363,382
probe_to_r2l,48,HeTL,NaiveBayes,0.01,2,0.0001,target_validation_f1,0.7142857142857143,0.624,11,True,8405.103216076517,0.6181208053691275,0.5711974110032363,0.9476510067114094,0.712771327612317,0.6593540831494077,215,530,39,706
probe_to_r2l,48,HeTL,KNN,10.0,2,0.0001,target_validation_f1,0.8108108108108109,0.79,17,True,8425.44791723261,0.802013422818792,0.7408993576017131,0.9288590604026845,0.8243001786777844,0.8332390432863385,503,242,53,692
probe_to_r2l,49,HeTL,CART,1.0,20,0.0001,target_validation_f1,0.8820116054158608,0.878,1000,False,570.217503077345,0.87248322147651,0.8589909443725744,0.8912751677852349,0.8748353096179183,0.8724832214765099,636,109,81,664
probe_to_r2l,49,HeTL,RandomForest,0.1,20,0.0001,target_validation_f1,0.8531746031746031,0.852,40,True,536.4474024160498,0.8624161073825504,0.8698630136986302,0.8523489932885906,0.8610169491525423,0.8842817891085988,650,95,110,635
probe_to_r2l,49,HeTL,LinearSVM,100.0,10,0.0001,target_validation_f1,0.5212121212121212,0.526,1000,False,2593.6657182797103,0.525503355704698,0.5247395833333334,0.5409395973154363,0.5327164573694646,0.5894581325165533,380,365,342,403
probe_to_r2l,49,HeTL,NaiveBayes,0.001,5,0.0001,target_validation_f1,0.8364888123924269,0.81,11,True,3252.565663096413,0.8080536912751678,0.7413249211356467,0.9463087248322147,0.8313679245283019,0.8080987342912481,499,246,40,705
probe_to_r2l,49,HeTL,KNN,1.0,10,0.0001,target_validation_f1,0.8933601609657947,0.894,80,True,1554.9373148427308,0.8664429530201342,0.8669354838709677,0.8657718120805369,0.8663532572196104,0.8950470699518039,646,99,100,645
probe_to_r2l,50,HeTL,CART,1.0,30,0.0001,target_validation_f1,0.8933092224231465,0.882,1000,False,284.4363392567615,0.8912751677852349,0.8316268486916951,0.9812080536912752,0.9002463054187192,0.8912751677852349,597,148,14,731
probe_to_r2l,50,HeTL,RandomForest,10.0,10,0.0001,target_validation_f1,0.9190207156308852,0.914,1000,False,1700.3418531825384,0.9241610738255034,0.883495145631068,0.9771812080536912,0.9279796048438496,0.9451916580334219,649,96,17,728
probe_to_r2l,50,HeTL,LinearSVM,0.001,5,0.0001,target_validation_f1,0.9069767441860465,0.904,11,True,3357.3185341356507,0.9120805369127517,0.8946015424164524,0.934228187919463,0.9139855548260013,0.9585586234854286,663,82,49,696
probe_to_r2l,50,HeTL,NaiveBayes,10.0,5,0.0001,target_validation_f1,0.9253731343283582,0.92,492,True,3438.122945379029,0.9234899328859061,0.8716136631330977,0.9932885906040269,0.9284818067754078,0.9575586685284447,636,109,5,740
probe_to_r2l,50,HeTL,KNN,0.001,5,0.0001,target_validation_f1,0.946360153256705,0.944,11,True,3357.3185341356507,0.9369127516778524,0.8945454545454545,0.9906040268456375,0.9401273885350319,0.9507121300842304,658,87,7,738
probe_to_r2l,51,HeTL,CART,100.0,2,0.0001,target_validation_f1,0.7746478873239436,0.744,113,True,8511.874681142492,0.7583892617449665,0.7090119435396308,0.876510067114094,0.7839135654261705,0.7583892617449665,477,268,92,653
probe_to_r2l,51,HeTL,RandomForest,100.0,2,0.0001,target_validation_f1,0.8123861566484517,0.794,113,True,8511.874681142492,0.8167785234899329,0.7757009345794392,0.8912751677852349,0.8294815740162399,0.9191748119454077,553,192,81,664
probe_to_r2l,51,HeTL,LinearSVM,0.1,2,0.0001,target_validation_f1,0.7633262260127932,0.778,11,True,8319.19814526325,0.763758389261745,0.826955074875208,0.6671140939597315,0.7384843982169391,0.6631142741317959,641,104,248,497
probe_to_r2l,51,HeTL,NaiveBayes,100.0,2,0.0001,target_validation_f1,0.8368794326241135,0.816,113,True,8511.874681142492,0.8140939597315436,0.761744966442953,0.9140939597315436,0.8309945088468579,0.9291311202198099,532,213,64,681
probe_to_r2l,51,HeTL,KNN,100.0,2,0.0001,target_validation_f1,0.8480565371024735,0.828,113,True,8511.874681142492,0.859731543624161,0.7925764192139738,0.974496644295302,0.8741721854304636,0.9038160443223276,555,190,19,726
