task,approach,classifier,accuracy_mean,accuracy_std,precision_mean,precision_std,recall_mean,recall_std,f1_mean,f1_std,roc_auc_mean,roc_auc_std
dos_to_r2l,HeTL,CART,0.7554362416107383,0.08521534416060758,0.752758149856003,0.08157454165852529,0.7940939597315436,0.12943909969134176,0.7641750597023294,0.06750649933756384,0.7554362416107383,0.08521534416060754
dos_to_r2l,HeTL,RandomForest,0.7146308724832215,0.10493806009554432,0.7430290785269104,0.11516456226418863,0.6609395973154363,0.11222525453259592,0.6981030917113729,0.10746317404016417,0.7359084725913247,0.14356779648649007
dos_to_r2l,HeTL,LinearSVM,0.7205369127516779,0.11587036624777947,0.7486382224955452,0.12877456940371337,0.6755704697986578,0.11899219293966921,0.7078072555932096,0.11384665737872326,0.6858887437502815,0.12992541248897777
dos_to_r2l,HeTL,NaiveBayes,0.7328859060402684,0.11545748378163252,0.6953832963177282,0.11241205873997495,0.836510067114094,0.14609552843182272,0.7560818188175389,0.1182504385541748,0.7794487635692086,0.12086457053098446
dos_to_r2l,HeTL,KNN,0.712751677852349,0.10989510212682477,0.7522606917989118,0.12875031609942794,0.6507382550335571,0.08575396681435384,0.6964276001766299,0.10166399146447994,0.7190864375478582,0.11611359213890314
dos_to_probe,HeTL,CART,0.6676510067114094,0.1392817519747065,0.687300481601663,0.15227753069086486,0.6942281879194632,0.1537364345924926,0.6779201871170351,0.1158502635003107,0.6676510067114094,0.1392817519747065
dos_to_probe,HeTL,RandomForest,0.6837583892617449,0.13204480761777032,0.7195537332557257,0.1471629021095714,0.6103355704697987,0.14300052075861494,0.657812734355957,0.13718317198866722,0.6825933966938427,0.15987284332682483
dos_to_probe,HeTL,LinearSVM,0.6942953020134228,0.13807364497441893,0.7301473015487382,0.16956738298416504,0.6519463087248323,0.11889120673406398,0.6841690149718014,0.1307505972227853,0.7078974820954012,0.18268928272941112
dos_to_probe,HeTL,NaiveBayes,0.6168456375838927,0.18783487230007545,0.6371462670780778,0.1793531517546354,0.7202684563758389,0.1203324906766181,0.6638862889189585,0.12915795012824008,0.6457715418224405,0.15073840870509964
dos_to_probe,HeTL,KNN,0.662751677852349,0.1399690491668142,0.6818199535171804,0.15935525069082254,0.6357046979865772,0.13691450628344484,0.6545920517251345,0.1363062730879363,0.6641516147921265,0.1579804611257667
probe_to_r2l,HeTL,CART,0.8091275167785235,0.10253663072976674,0.7824628662562767,0.1021426760759542,0.8659060402684563,0.08451627989030282,0.8211419854182422,0.09094171979715941,0.8091275167785235,0.10253663072976674
probe_to_r2l,HeTL,RandomForest,0.8113422818791947,0.13188197441915156,0.7985410778559368,0.13118757118071805,0.8328859060402685,0.1405352674745416,0.8146046775055387,0.13311786627604758,0.8584688977973964,0.14911323053655673
probe_to_r2l,HeTL,LinearSVM,0.6434228187919463,0.1941692821565172,0.6381257367150285,0.18392966907323982,0.6609395973154363,0.2083649256108732,0.6476507892369676,0.19073551707557643,0.6594596639791,0.21554743935880652
probe_to_r2l,HeTL,NaiveBayes,0.7719463087248323,0.12673246769491028,0.7155402858696842,0.11612684109759923,0.9492617449664429,0.0425681865744286,0.8126266350439748,0.08926248890068751,0.8150245484437638,0.15004220731354523
probe_to_r2l,HeTL,KNN,0.868523489932886,0.04121610513856528,0.8349191844603918,0.052056064855135996,0.923489932885906,0.04670420886156559,0.875755180972073,0.03705550309729506,0.9048123958380252,0.03944786850205797
