task,seed,model,device,epochs,accuracy,precision,recall,f1,roc_auc
dos_to_r2l,42,tabular_resnet,cuda,9,0.5161073825503356,0.6764705882352942,0.06174496644295302,0.11316113161131611,0.5968866267285257
dos_to_r2l,43,tabular_resnet,cuda,20,0.5308724832214765,0.896551724137931,0.0697986577181208,0.1295143212951432,0.4695500202693572
dos_to_r2l,44,tabular_resnet,cuda,22,0.49731543624161073,0.0,0.0,0.0,0.5409323904328635
dos_to_r2l,45,tabular_resnet,cuda,9,0.4993288590604027,0.3333333333333333,0.0013422818791946308,0.00267379679144385,0.4037944236746092
dos_to_r2l,46,tabular_resnet,cuda,30,0.525503355704698,0.9318181818181818,0.05503355704697987,0.10392902408111533,0.43349488761767485
dos_to_r2l,47,tabular_resnet,cuda,9,0.49463087248322146,0.16666666666666666,0.0026845637583892616,0.005284015852047556,0.3984343047610468
dos_to_r2l,48,tabular_resnet,cuda,29,0.4993288590604027,0.46153846153846156,0.008053691275167786,0.0158311345646438,0.7114760596369534
dos_to_r2l,49,tabular_resnet,cuda,25,0.5248322147651007,0.9302325581395349,0.053691275167785234,0.10152284263959391,0.4649087878924373
dos_to_r2l,50,tabular_resnet,cuda,11,0.49463087248322146,0.34615384615384615,0.012080536912751677,0.023346303501945526,0.49576325390748166
dos_to_r2l,51,tabular_resnet,cuda,9,0.5201342281879194,0.7678571428571429,0.05771812080536913,0.10736579275905118,0.32017656862303495
dos_to_r2l,42,cnn1d,cuda,10,0.5020134228187919,0.5148514851485149,0.0697986577181208,0.12293144208037825,0.5466510517544255
dos_to_r2l,43,cnn1d,cuda,24,0.5006711409395973,0.5060240963855421,0.056375838926174496,0.10144927536231885,0.6147425791631007
dos_to_r2l,44,cnn1d,cuda,26,0.6577181208053692,0.8571428571428571,0.3785234899328859,0.5251396648044693,0.782762938606369
dos_to_r2l,45,cnn1d,cuda,9,0.5040268456375839,0.5405405405405406,0.053691275167785234,0.09768009768009768,0.320681050403135
dos_to_r2l,46,cnn1d,cuda,21,0.5181208053691275,0.5849056603773585,0.12483221476510067,0.20575221238938052,0.6815819107247421
dos_to_r2l,47,cnn1d,cuda,25,0.5335570469798657,0.7232142857142857,0.1087248322147651,0.18903150525087514,0.800841403540381
dos_to_r2l,48,cnn1d,cuda,17,0.5040268456375839,0.5277777777777778,0.07651006711409396,0.1336459554513482,0.5277708211341832
dos_to_r2l,49,cnn1d,cuda,17,0.49798657718120803,0.36363636363636365,0.005369127516778523,0.010582010582010581,0.38319625242106214
dos_to_r2l,50,cnn1d,cuda,17,0.5315436241610738,0.7079646017699115,0.10738255033557047,0.1864801864801865,0.6396702851222917
dos_to_r2l,51,cnn1d,cuda,23,0.5140939597315436,0.5555555555555556,0.14093959731543623,0.22483940042826553,0.6808017656862303
dos_to_r2l,42,gru,cuda,11,0.5006711409395973,0.5052631578947369,0.06442953020134229,0.11428571428571428,0.6207387054637178
dos_to_r2l,43,gru,cuda,9,0.5006711409395973,0.5061728395061729,0.05503355704697987,0.09927360774818401,0.49361920634205664
dos_to_r2l,44,gru,cuda,11,0.49731543624161073,0.47674418604651164,0.05503355704697987,0.098676293622142,0.3308148281608937
dos_to_r2l,45,gru,cuda,9,0.4986577181208054,0.48717948717948717,0.05100671140939597,0.09234507897934387,0.4251123823251205
dos_to_r2l,46,gru,cuda,12,0.4959731543624161,0.4659090909090909,0.05503355704697987,0.09843937575030012,0.7670780595468674
dos_to_r2l,47,gru,cuda,9,0.49328859060402686,0.4489795918367347,0.05906040268456376,0.10438908659549229,0.3997693797576686
dos_to_r2l,48,gru,cuda,10,0.49261744966442955,0.43529411764705883,0.049664429530201344,0.0891566265060241,0.4186180802666546
dos_to_r2l,49,gru,cuda,13,0.49395973154362416,0.449438202247191,0.053691275167785234,0.09592326139088729,0.32502049457231647
dos_to_r2l,50,gru,cuda,9,0.5060402684563758,0.5584415584415584,0.05771812080536913,0.10462287104622871,0.43491284176388456
dos_to_r2l,51,gru,cuda,9,0.5013422818791946,0.5135135135135135,0.05100671140939597,0.0927960927960928,0.19976937975766856
dos_to_r2l,42,tabular_transformer,cuda,20,0.6221476510067114,0.5759599332220368,0.9261744966442953,0.7102418939783839,0.5775118237917211
dos_to_r2l,43,tabular_transformer,cuda,19,0.6315436241610738,0.5818030050083473,0.9355704697986578,0.7174472465259908,0.6045052024683573
dos_to_r2l,44,tabular_transformer,cuda,18,0.5758389261744966,0.5465020576131687,0.8912751677852349,0.6775510204081633,0.521403540381064
dos_to_r2l,45,tabular_transformer,cuda,9,0.5,0.5,1.0,0.6666666666666666,0.4503229584252962
dos_to_r2l,46,tabular_transformer,cuda,21,0.6322147651006711,0.5821517931609674,0.9369127516778524,0.7181069958847737,0.5758551416602856
dos_to_r2l,47,tabular_transformer,cuda,21,0.6174496644295302,0.5728559533721899,0.9234899328859061,0.7070914696813977,0.5689707670825639
dos_to_r2l,48,tabular_transformer,cuda,14,0.5100671140939598,0.5050847457627119,1.0,0.6711711711711712,0.6007657312733661
dos_to_r2l,49,tabular_transformer,cuda,12,0.5771812080536913,0.5447470817120622,0.9395973154362416,0.6896551724137931,0.5583874600243233
dos_to_r2l,50,tabular_transformer,cuda,14,0.5369127516778524,0.5192711983181499,0.9946308724832215,0.6823204419889503,0.596523580018918
dos_to_r2l,51,tabular_transformer,cuda,21,0.5845637583892618,0.5486111111111112,0.9543624161073826,0.6967172954434101,0.5827935678573037
dos_to_probe,42,tabular_resnet,cuda,9,0.8087248322147651,0.9956896551724138,0.6201342281879194,0.7642679900744417,0.9760713481374713
dos_to_probe,43,tabular_resnet,cuda,21,0.7395973154362416,0.989041095890411,0.48456375838926175,0.6504504504504505,0.8600837800099095
dos_to_probe,44,tabular_resnet,cuda,11,0.7684563758389261,0.9926108374384236,0.5409395973154363,0.7002606429192006,0.8176640691860727
dos_to_probe,45,tabular_resnet,cuda,10,0.7590604026845638,0.9923469387755102,0.5221476510067115,0.6842568161829375,0.8625305166433943
dos_to_probe,46,tabular_resnet,cuda,10,0.7134228187919464,0.9818181818181818,0.4348993288590604,0.6027906976744186,0.6596459618936084
dos_to_probe,47,tabular_resnet,cuda,13,0.7684563758389261,0.9716981132075472,0.553020134228188,0.7048759623609923,0.8632151704878159
dos_to_probe,48,tabular_resnet,cuda,9,0.7442953020134229,0.989247311827957,0.49395973154362416,0.6589077887197852,0.9761308049186974
dos_to_probe,49,tabular_resnet,cuda,10,0.7322147651006712,0.9887005649717514,0.4697986577181208,0.6369426751592356,0.717746047475339
dos_to_probe,50,tabular_resnet,cuda,10,0.77248322147651,0.9765258215962441,0.5583892617449664,0.7105038428693424,0.9426025854691229
dos_to_probe,51,tabular_resnet,cuda,15,0.7812080536912752,0.9883449883449883,0.5691275167785235,0.7223168654173765,0.914668708616729
dos_to_probe,42,cnn1d,cuda,10,0.7134228187919464,0.8878048780487805,0.4885906040268456,0.6303030303030303,0.7306950137381198
dos_to_probe,43,cnn1d,cuda,16,0.7248322147651006,0.9197994987468672,0.49261744966442955,0.6416083916083916,0.8337966758254134
dos_to_probe,44,cnn1d,cuda,16,0.6932885906040268,0.9472049689440993,0.40939597315436244,0.5716963448922212,0.9246646547452817
dos_to_probe,45,cnn1d,cuda,16,0.7120805369127516,0.8390557939914163,0.5248322147651007,0.6457473162675474,0.7698950497725328
dos_to_probe,46,cnn1d,cuda,17,0.5973154362416108,0.8756476683937824,0.22684563758389262,0.3603411513859275,0.7781397234358813
dos_to_probe,47,cnn1d,cuda,21,0.7053691275167785,0.8122448979591836,0.5342281879194631,0.6445344129554655,0.875021845862799
dos_to_probe,48,cnn1d,cuda,16,0.6657718120805369,0.8847352024922118,0.3812080536912752,0.5328330206378987,0.8057492905724968
dos_to_probe,49,cnn1d,cuda,27,0.6624161073825503,0.9060402684563759,0.3624161073825503,0.5177372962607862,0.8333084095311023
dos_to_probe,50,cnn1d,cuda,18,0.7322147651006712,0.9261083743842364,0.5046979865771812,0.6533449174630755,0.9166343858384757
dos_to_probe,51,cnn1d,cuda,24,0.6852348993288591,0.8833333333333333,0.4268456375838926,0.5755656108597285,0.8858375748840142
dos_to_probe,42,gru,cuda,9,0.7114093959731543,0.890818858560794,0.4818791946308725,0.6254355400696864,0.6500355839827034
dos_to_probe,43,gru,cuda,9,0.7134228187919464,0.9035532994923858,0.4778523489932886,0.6251097453906936,0.6818692851673347
dos_to_probe,44,gru,cuda,9,0.7093959731543624,0.8939393939393939,0.47516778523489933,0.6205083260297984,0.6344885365524076
dos_to_probe,45,gru,cuda,10,0.6953020134228188,0.8798955613577023,0.45234899328859063,0.5975177304964538,0.609477050583307
dos_to_probe,46,gru,cuda,10,0.6946308724832215,0.8756476683937824,0.45369127516778524,0.5977011494252874,0.6691419305436692
dos_to_probe,47,gru,cuda,9,0.6926174496644295,0.85785536159601,0.46174496644295304,0.6003490401396161,0.8059339669384262
dos_to_probe,48,gru,cuda,9,0.6919463087248322,0.8763157894736842,0.4469798657718121,0.592,0.6178964911490472
dos_to_probe,49,gru,cuda,9,0.7053691275167785,0.8768472906403941,0.4778523489932886,0.6185925282363163,0.7184343047610469
dos_to_probe,50,gru,cuda,9,0.7046979865771812,0.9132791327913279,0.45234899328859063,0.6050269299820467,0.7976865906941129
dos_to_probe,51,gru,cuda,9,0.6932885906040268,0.8891891891891892,0.44161073825503355,0.590134529147982,0.6001477410927435
dos_to_probe,42,tabular_transformer,cuda,9,0.5,0.5,1.0,0.6666666666666666,0.6998612675104724
dos_to_probe,43,tabular_transformer,cuda,10,0.5,0.5,1.0,0.6666666666666666,0.7165506058285662
dos_to_probe,44,tabular_transformer,cuda,12,0.5966442953020135,0.5683111954459203,0.8040268456375839,0.6659255141745414,0.7005188955452457
dos_to_probe,45,tabular_transformer,cuda,12,0.5,0.5,1.0,0.6666666666666666,0.6700698166749246
dos_to_probe,46,tabular_transformer,cuda,22,0.6590604026845638,0.6338983050847458,0.7530201342281879,0.6883435582822086,0.6867474438088373
dos_to_probe,47,tabular_transformer,cuda,10,0.5107382550335571,0.5054945054945055,0.9879194630872483,0.6687869150386188,0.6756173145353812
dos_to_probe,48,tabular_transformer,cuda,9,0.5,0.5,1.0,0.6666666666666666,0.6991270663483627
dos_to_probe,49,tabular_transformer,cuda,19,0.6630872483221476,0.6385404789053591,0.7516778523489933,0.6905055487053021,0.6856646097022656
dos_to_probe,50,tabular_transformer,cuda,10,0.5,0.5,1.0,0.6666666666666666,0.6955002026935724
dos_to_probe,51,tabular_transformer,cuda,13,0.5080536912751678,0.5040760869565217,0.9959731543624161,0.6693730266125395,0.6879609026620422
probe_to_r2l,42,tabular_resnet,cuda,9,0.5281879194630873,0.92,0.06174496644295302,0.11572327044025157,0.8571127426692491
probe_to_r2l,43,tabular_resnet,cuda,11,0.4785234899328859,0.2037037037037037,0.01476510067114094,0.02753441802252816,0.7889626593396692
probe_to_r2l,44,tabular_resnet,cuda,11,0.5060402684563758,0.5957446808510638,0.03758389261744966,0.0707070707070707,0.8268023962884555
probe_to_r2l,45,tabular_resnet,cuda,11,0.5046979865771812,0.7692307692307693,0.013422818791946308,0.026385224274406333,0.7930363497139769
probe_to_r2l,46,tabular_resnet,cuda,9,0.49731543624161073,0.4777777777777778,0.05771812080536913,0.1029940119760479,0.7904851132831855
probe_to_r2l,47,tabular_resnet,cuda,9,0.5073825503355704,0.5632183908045977,0.06577181208053691,0.11778846153846154,0.749825683527769
probe_to_r2l,48,tabular_resnet,cuda,9,0.5067114093959731,0.5735294117647058,0.052348993288590606,0.0959409594095941,0.7587928471690465
probe_to_r2l,49,tabular_resnet,cuda,9,0.4912751677852349,0.25925925925925924,0.009395973154362415,0.018134715025906734,0.7398819872978694
probe_to_r2l,50,tabular_resnet,cuda,10,0.5228187919463088,0.8148148148148148,0.05906040268456376,0.11013767209011265,0.8433403900725193
probe_to_r2l,51,tabular_resnet,cuda,9,0.5120805369127517,0.6323529411764706,0.05771812080536913,0.1057810578105781,0.7294356110085131
probe_to_r2l,42,cnn1d,cuda,9,0.6073825503355704,0.636518771331058,0.5006711409395973,0.560480841472577,0.7317580289176163
probe_to_r2l,43,cnn1d,cuda,16,0.8228187919463087,0.745658835546476,0.9798657718120806,0.8468677494199536,0.8685987117697401
probe_to_r2l,44,cnn1d,cuda,10,0.7080536912751678,0.7583333333333333,0.610738255033557,0.6765799256505576,0.7934885815954237
probe_to_r2l,45,cnn1d,cuda,9,0.6865771812080537,0.6206597222222222,0.959731543624161,0.7538218239325251,0.764581775595694
probe_to_r2l,46,cnn1d,cuda,10,0.6691275167785234,0.6053511705685619,0.9718120805369127,0.7460072127769191,0.7027431196792936
probe_to_r2l,47,cnn1d,cuda,9,0.5,0.5,1.0,0.6666666666666666,0.764006125850187
probe_to_r2l,48,cnn1d,cuda,15,0.8335570469798658,0.7715846994535519,0.9476510067114094,0.8506024096385543,0.8154659700013515
probe_to_r2l,49,cnn1d,cuda,10,0.7610738255033557,0.680594243268338,0.9838926174496644,0.8046103183315039,0.7870546371785054
probe_to_r2l,50,cnn1d,cuda,18,0.8563758389261745,0.8563758389261745,0.8563758389261745,0.8563758389261745,0.8814900229719381
probe_to_r2l,51,cnn1d,cuda,9,0.5899328859060403,0.55052790346908,0.9798657718120806,0.7049734427812651,0.45875861447682537
probe_to_r2l,42,gru,cuda,13,0.5020134228187919,0.5154639175257731,0.06711409395973154,0.1187648456057007,0.2742254853384983
probe_to_r2l,43,gru,cuda,9,0.5006711409395973,0.5061728395061729,0.05503355704697987,0.09927360774818401,0.26821314355209225
probe_to_r2l,44,gru,cuda,14,0.49798657718120803,0.4827586206896552,0.056375838926174496,0.10096153846153846,0.26034412864285394
probe_to_r2l,45,gru,cuda,12,0.5013422818791946,0.5111111111111111,0.06174496644295302,0.11017964071856287,0.2624908787892437
probe_to_r2l,46,gru,cuda,16,0.4966442953020134,0.47191011235955055,0.056375838926174496,0.10071942446043165,0.25403810639160396
probe_to_r2l,47,gru,cuda,9,0.49530201342281877,0.46534653465346537,0.06308724832214765,0.1111111111111111,0.2415449754515562
probe_to_r2l,48,gru,cuda,11,0.49463087248322146,0.45454545454545453,0.053691275167785234,0.09603841536614646,0.2449565334894825
probe_to_r2l,49,gru,cuda,15,0.4959731543624161,0.4673913043478261,0.05771812080536913,0.1027479091995221,0.21741182829602268
probe_to_r2l,50,gru,cuda,9,0.5,0.5,1.0,0.6666666666666666,0.43646592495833525
probe_to_r2l,51,gru,cuda,9,0.5013422818791946,0.5135135135135135,0.05100671140939597,0.0927960927960928,0.46292959776586645
probe_to_r2l,42,tabular_transformer,cuda,20,0.5697986577181208,0.5387481371087929,0.9704697986577181,0.6928605654048874,0.5833737219044187
probe_to_r2l,43,tabular_transformer,cuda,11,0.5409395973154363,0.5215243472124206,0.9919463087248322,0.6836262719703978,0.6059123462907077
probe_to_r2l,44,tabular_transformer,cuda,19,0.5731543624161074,0.5404002965159377,0.978523489932886,0.6962750716332379,0.5300157650556281
probe_to_r2l,45,tabular_transformer,cuda,19,0.5510067114093959,0.5281481481481481,0.9570469798657718,0.6806682577565633,0.5673014729066258
probe_to_r2l,46,tabular_transformer,cuda,16,0.6288590604026846,0.58,0.934228187919463,0.715681233933162,0.5839259492815638
probe_to_r2l,47,tabular_transformer,cuda,16,0.5718120805369128,0.5408708938120703,0.9503355704697987,0.6893865628042843,0.5798891941804423
probe_to_r2l,48,tabular_transformer,cuda,14,0.5932885906040268,0.5548539857932123,0.9436241610738255,0.6988071570576541,0.6000594567812261
probe_to_r2l,49,tabular_transformer,cuda,9,0.5,0.5,1.0,0.6666666666666666,0.5506472681410747
probe_to_r2l,50,tabular_transformer,cuda,16,0.5986577181208054,0.5583796664019063,0.9436241610738255,0.7015968063872255,0.6051853520111706
probe_to_r2l,51,tabular_transformer,cuda,16,0.6120805369127517,0.5682747342600164,0.9328859060402684,0.7063008130081301,0.5874870501328768
