source,approach,index,task,classifier,accuracy_mean,accuracy_std,precision_mean,precision_std,recall_mean,recall_std,f1_mean,f1_std,roc_auc_mean,roc_auc_std,n_seeds
deep_learning,DeepLearning,0,dos_to_probe,cnn1d,0.689195,0.039768,0.888197,0.040295,0.435168,0.094972,0.577371,0.091021,0.835374,0.065064,10
deep_learning,DeepLearning,1,dos_to_probe,gru,0.701208,0.008500,0.885734,0.015854,0.462148,0.014786,0.607238,0.013817,0.678511,0.074133,10
deep_learning,DeepLearning,2,dos_to_probe,tabular_resnet,0.758792,0.027312,0.986602,0.007591,0.524698,0.054694,0.683557,0.046995,0.859036,0.104854,10
deep_learning,DeepLearning,3,dos_to_probe,tabular_transformer,0.543758,0.068532,0.535032,0.057313,0.929262,0.111151,0.671627,0.009455,0.691762,0.013470,10
deep_learning,DeepLearning,4,dos_to_r2l,cnn1d,0.526376,0.047851,0.588161,0.139229,0.112215,0.101638,0.179753,0.137021,0.597870,0.156970,10
deep_learning,DeepLearning,5,dos_to_r2l,gru,0.498054,0.004250,0.484694,0.037320,0.055168,0.004404,0.098991,0.007333,0.441545,0.159050,10
deep_learning,DeepLearning,6,dos_to_r2l,tabular_resnet,0.510268,0.014516,0.551062,0.336596,0.032215,0.029381,0.060263,0.054497,0.483542,0.111347,10
deep_learning,DeepLearning,7,dos_to_r2l,tabular_transformer,0.578792,0.049149,0.547699,0.031077,0.950201,0.036844,0.693697,0.019052,0.563704,0.046570,10
deep_learning,DeepLearning,8,probe_to_r2l,cnn1d,0.703490,0.116845,0.672560,0.110322,0.879060,0.176838,0.746699,0.096611,0.756795,0.118434,10
deep_learning,DeepLearning,9,probe_to_r2l,gru,0.498591,0.002802,0.488821,0.022974,0.152215,0.297920,0.159926,0.178218,0.292262,0.084725,10
deep_learning,DeepLearning,10,probe_to_r2l,tabular_resnet,0.505503,0.014380,0.580963,0.227247,0.042953,0.022309,0.079113,0.040267,0.787768,0.044010,10
deep_learning,DeepLearning,11,probe_to_r2l,tabular_transformer,0.573960,0.037358,0.543120,0.023440,0.960268,0.023829,0.693187,0.013967,0.579380,0.024286,10
