source,approach,task,classifier,accuracy_mean,accuracy_std,precision_mean,precision_std,recall_mean,recall_std,f1_mean,f1_std,roc_auc_mean,roc_auc_std,n_seeds,index
first_experiment,No TL,dos_to_r2l,CART,0.495772,0.007992,0.293221,0.232727,0.011007,0.018370,0.019990,0.031152,0.495772,0.007992,10,
first_experiment,No TL,dos_to_r2l,RandomForest,0.500336,0.001061,0.450000,0.444792,0.001611,0.001767,0.003208,0.003517,0.604273,0.086124,10,
first_experiment,No TL,dos_to_r2l,LinearSVM,0.514899,0.014010,0.750814,0.175958,0.037047,0.026884,0.069838,0.049711,0.613896,0.144166,10,
first_experiment,No TL,dos_to_r2l,NaiveBayes,0.506040,0.009586,0.757012,0.219736,0.017450,0.017467,0.033650,0.032425,0.295186,0.043228,10,
first_experiment,No TL,dos_to_r2l,KNN,0.504966,0.009644,0.586329,0.204308,0.019597,0.019546,0.037428,0.036652,0.508399,0.011275,10,
first_experiment,No TL,dos_to_probe,CART,0.692349,0.051690,0.954041,0.039738,0.405235,0.106425,0.561265,0.103503,0.692349,0.051690,10,
first_experiment,No TL,dos_to_probe,RandomForest,0.666107,0.020264,0.997992,0.002122,0.332886,0.040536,0.497974,0.046475,0.962314,0.034773,10,
first_experiment,No TL,dos_to_probe,LinearSVM,0.679933,0.020743,0.980516,0.010552,0.367383,0.043834,0.533009,0.046515,0.601296,0.018157,10,
first_experiment,No TL,dos_to_probe,NaiveBayes,0.540000,0.024351,0.948927,0.050119,0.083893,0.047840,0.151249,0.076897,0.465736,0.054289,10,
first_experiment,No TL,dos_to_probe,KNN,0.789664,0.059975,0.981923,0.011154,0.589664,0.118153,0.731413,0.086815,0.858759,0.077696,10,
first_experiment,No TL,probe_to_r2l,CART,0.470805,0.048744,0.360577,0.373470,0.035168,0.031712,0.063155,0.058134,0.470805,0.048744,10,
first_experiment,No TL,probe_to_r2l,RandomForest,0.496980,0.002652,0.213939,0.193414,0.003624,0.003103,0.007123,0.006100,0.670457,0.052178,10,
first_experiment,No TL,probe_to_r2l,LinearSVM,0.513087,0.012589,0.668310,0.198650,0.044027,0.022539,0.082197,0.041205,0.803284,0.034239,10,
first_experiment,No TL,probe_to_r2l,NaiveBayes,0.506107,0.018400,0.571856,0.217904,0.034497,0.036245,0.063058,0.063388,0.556923,0.092249,10,
first_experiment,No TL,probe_to_r2l,KNN,0.505436,0.011334,0.553415,0.196569,0.023221,0.022692,0.044008,0.042069,0.504438,0.011124,10,
first_experiment,HeTL,dos_to_r2l,CART,0.755436,0.085215,0.752758,0.081575,0.794094,0.129439,0.764175,0.067506,0.755436,0.085215,10,
first_experiment,HeTL,dos_to_r2l,RandomForest,0.714631,0.104938,0.743029,0.115165,0.660940,0.112225,0.698103,0.107463,0.735908,0.143568,10,
first_experiment,HeTL,dos_to_r2l,LinearSVM,0.720537,0.115870,0.748638,0.128775,0.675570,0.118992,0.707807,0.113847,0.685889,0.129925,10,
first_experiment,HeTL,dos_to_r2l,NaiveBayes,0.732886,0.115457,0.695383,0.112412,0.836510,0.146096,0.756082,0.118250,0.779449,0.120865,10,
first_experiment,HeTL,dos_to_r2l,KNN,0.712752,0.109895,0.752261,0.128750,0.650738,0.085754,0.696428,0.101664,0.719086,0.116114,10,
first_experiment,HeTL,dos_to_probe,CART,0.667651,0.139282,0.687300,0.152278,0.694228,0.153736,0.677920,0.115850,0.667651,0.139282,10,
first_experiment,HeTL,dos_to_probe,RandomForest,0.683758,0.132045,0.719554,0.147163,0.610336,0.143001,0.657813,0.137183,0.682593,0.159873,10,
first_experiment,HeTL,dos_to_probe,LinearSVM,0.694295,0.138074,0.730147,0.169567,0.651946,0.118891,0.684169,0.130751,0.707897,0.182689,10,
first_experiment,HeTL,dos_to_probe,NaiveBayes,0.616846,0.187835,0.637146,0.179353,0.720268,0.120332,0.663886,0.129158,0.645772,0.150738,10,
first_experiment,HeTL,dos_to_probe,KNN,0.662752,0.139969,0.681820,0.159355,0.635705,0.136915,0.654592,0.136306,0.664152,0.157980,10,
first_experiment,HeTL,probe_to_r2l,CART,0.809128,0.102537,0.782463,0.102143,0.865906,0.084516,0.821142,0.090942,0.809128,0.102537,10,
first_experiment,HeTL,probe_to_r2l,RandomForest,0.811342,0.131882,0.798541,0.131188,0.832886,0.140535,0.814605,0.133118,0.858469,0.149113,10,
first_experiment,HeTL,probe_to_r2l,LinearSVM,0.643423,0.194169,0.638126,0.183930,0.660940,0.208365,0.647651,0.190736,0.659460,0.215547,10,
first_experiment,HeTL,probe_to_r2l,NaiveBayes,0.771946,0.126732,0.715540,0.116127,0.949262,0.042568,0.812627,0.089262,0.815025,0.150042,10,
first_experiment,HeTL,probe_to_r2l,KNN,0.868523,0.041216,0.834919,0.052056,0.923490,0.046704,0.875755,0.037056,0.904812,0.039448,10,
deep_learning,DeepLearning,dos_to_probe,cnn1d,0.689195,0.039768,0.888197,0.040295,0.435168,0.094972,0.577371,0.091021,0.835374,0.065064,10,0.000000
deep_learning,DeepLearning,dos_to_probe,gru,0.701208,0.008500,0.885734,0.015854,0.462148,0.014786,0.607238,0.013817,0.678511,0.074133,10,1.000000
deep_learning,DeepLearning,dos_to_probe,tabular_resnet,0.758792,0.027312,0.986602,0.007591,0.524698,0.054694,0.683557,0.046995,0.859036,0.104854,10,2.000000
deep_learning,DeepLearning,dos_to_probe,tabular_transformer,0.543758,0.068532,0.535032,0.057313,0.929262,0.111151,0.671627,0.009455,0.691762,0.013470,10,3.000000
deep_learning,DeepLearning,dos_to_r2l,cnn1d,0.526376,0.047851,0.588161,0.139229,0.112215,0.101638,0.179753,0.137021,0.597870,0.156970,10,4.000000
deep_learning,DeepLearning,dos_to_r2l,gru,0.498054,0.004250,0.484694,0.037320,0.055168,0.004404,0.098991,0.007333,0.441545,0.159050,10,5.000000
deep_learning,DeepLearning,dos_to_r2l,tabular_resnet,0.510268,0.014516,0.551062,0.336596,0.032215,0.029381,0.060263,0.054497,0.483542,0.111347,10,6.000000
deep_learning,DeepLearning,dos_to_r2l,tabular_transformer,0.578792,0.049149,0.547699,0.031077,0.950201,0.036844,0.693697,0.019052,0.563704,0.046570,10,7.000000
deep_learning,DeepLearning,probe_to_r2l,cnn1d,0.703490,0.116845,0.672560,0.110322,0.879060,0.176838,0.746699,0.096611,0.756795,0.118434,10,8.000000
deep_learning,DeepLearning,probe_to_r2l,gru,0.498591,0.002802,0.488821,0.022974,0.152215,0.297920,0.159926,0.178218,0.292262,0.084725,10,9.000000
deep_learning,DeepLearning,probe_to_r2l,tabular_resnet,0.505503,0.014380,0.580963,0.227247,0.042953,0.022309,0.079113,0.040267,0.787768,0.044010,10,10.000000
deep_learning,DeepLearning,probe_to_r2l,tabular_transformer,0.573960,0.037358,0.543120,0.023440,0.960268,0.023829,0.693187,0.013967,0.579380,0.024286,10,11.000000
