step,loss,source_reconstruction,target_reconstruction,alignment
1.0,587.9122216540569,458.4753774666866,129.37873868380422,58.105503566078774
2.0,587.9122216332254,458.47537746710543,129.37873868436668,58.10548175330774
3.0,587.9122216133396,458.47537746764397,129.37873868505378,58.105460641892805
4.0,587.9122215942,458.47537746828607,129.37873868582358,58.10544009037035
5.0,587.9122215756933,458.47537746902276,129.37873868667177,58.10541999869433
6.0,587.9122215577407,458.4753774698356,129.37873868758652,58.10540031864816
7.0,587.9122215402841,458.4753774707142,129.37873868856116,58.10538100874942
8.0,587.9122215232776,458.47537747164967,129.37873868958846,58.10536203947059
9.0,587.9122215066845,458.47537747263607,129.37873869066303,58.10534338543741
10.0,587.9122214904742,458.47537747366846,129.37873869177986,58.10532502590145
11.0,587.912221474621,458.47537747474325,129.37873869293486,58.105306942910794
